# Blender 5.0.1
# www.blender.org
mtllib sg90_horn.mtl
o SG90_-_Micro_Servo_9g_-_Tower_Pro.3_PeÂa
v 0.000000 0.001050 0.001800
v 0.000000 0.001050 0.001000
v -0.000251 0.001019 0.001000
v -0.000488 0.000930 0.001000
v -0.000696 0.000786 0.001000
v -0.000864 0.000596 0.001000
v -0.000982 0.000372 0.001000
v -0.001042 0.000127 0.001000
v -0.001042 -0.000127 0.001000
v -0.000982 -0.000372 0.001000
v -0.000864 -0.000596 0.001000
v -0.000696 -0.000786 0.001000
v -0.000488 -0.000930 0.001000
v -0.000251 -0.001019 0.001000
v 0.000000 -0.001050 0.001000
v 0.000000 -0.001050 0.001800
v -0.000251 -0.001019 0.001800
v -0.000488 -0.000930 0.001800
v -0.000696 -0.000786 0.001800
v -0.000864 -0.000596 0.001800
v -0.000982 -0.000372 0.001800
v -0.001042 -0.000127 0.001800
v -0.001042 0.000127 0.001800
v -0.000982 0.000372 0.001800
v -0.000864 0.000596 0.001800
v -0.000696 0.000786 0.001800
v -0.000488 0.000930 0.001800
v -0.000251 0.001019 0.001800
v 0.000000 0.002300 0.001000
v 0.000000 0.002300 0.000000
v 0.000000 -0.002300 0.000000
v -0.000550 -0.002233 0.000000
v -0.001069 -0.002037 0.000000
v -0.001525 -0.001722 0.000000
v -0.001893 -0.001307 0.000000
v -0.002151 -0.000816 0.000000
v -0.002283 -0.000277 0.000000
v -0.002283 0.000277 0.000000
v -0.002151 0.000816 0.000000
v -0.001893 0.001307 0.000000
v -0.001525 0.001722 0.000000
v -0.001069 0.002037 0.000000
v -0.000550 0.002233 0.000000
v 0.000000 -0.002300 0.001000
v -0.000550 -0.002233 0.001000
v -0.001069 -0.002037 0.001000
v -0.001525 -0.001722 0.001000
v -0.001893 -0.001307 0.001000
v -0.002151 -0.000816 0.001000
v -0.002283 -0.000277 0.001000
v -0.002283 0.000277 0.001000
v -0.002151 0.000816 0.001000
v -0.001893 0.001307 0.001000
v -0.001525 0.001722 0.001000
v -0.001069 0.002037 0.001000
v -0.000550 0.002233 0.001000
v 0.004450 0.000600 0.001400
v 0.004450 0.000600 0.000000
v 0.004450 -0.000600 0.000000
v 0.004306 -0.000583 0.000000
v 0.004171 -0.000531 0.000000
v 0.004052 -0.000449 0.000000
v 0.003956 -0.000341 0.000000
v 0.003889 -0.000213 0.000000
v 0.003854 -0.000072 0.000000
v 0.003854 0.000072 0.000000
v 0.003889 0.000213 0.000000
v 0.003956 0.000341 0.000000
v 0.004052 0.000449 0.000000
v 0.004171 0.000531 0.000000
v 0.004306 0.000583 0.000000
v 0.004450 -0.000600 0.001400
v 0.004306 -0.000583 0.001400
v 0.004171 -0.000531 0.001400
v 0.004052 -0.000449 0.001400
v 0.003956 -0.000341 0.001400
v 0.003889 -0.000213 0.001400
v 0.003854 -0.000072 0.001400
v 0.003854 0.000072 0.001400
v 0.003889 0.000213 0.001400
v 0.003956 0.000341 0.001400
v 0.004052 0.000449 0.001400
v 0.004171 0.000531 0.001400
v 0.004306 0.000583 0.001400
v 0.006450 0.000600 0.001400
v 0.006450 0.000600 0.000000
v 0.006450 -0.000600 0.000000
v 0.006306 -0.000583 0.000000
v 0.006171 -0.000531 0.000000
v 0.006052 -0.000449 0.000000
v 0.005956 -0.000341 0.000000
v 0.005889 -0.000213 0.000000
v 0.005854 -0.000072 0.000000
v 0.005854 0.000072 0.000000
v 0.005889 0.000213 0.000000
v 0.005956 0.000341 0.000000
v 0.006052 0.000449 0.000000
v 0.006171 0.000531 0.000000
v 0.006306 0.000583 0.000000
v 0.006450 -0.000600 0.001400
v 0.006306 -0.000583 0.001400
v 0.006171 -0.000531 0.001400
v 0.006052 -0.000449 0.001400
v 0.005956 -0.000341 0.001400
v 0.005889 -0.000213 0.001400
v 0.005854 -0.000072 0.001400
v 0.005854 0.000072 0.001400
v 0.005889 0.000213 0.001400
v 0.005956 0.000341 0.001400
v 0.006052 0.000449 0.001400
v 0.006171 0.000531 0.001400
v 0.006306 0.000583 0.001400
v 0.008450 0.000600 0.001400
v 0.008450 0.000600 0.000000
v 0.008450 -0.000600 0.000000
v 0.008306 -0.000583 0.000000
v 0.008171 -0.000531 0.000000
v 0.008052 -0.000449 0.000000
v 0.007956 -0.000341 0.000000
v 0.007889 -0.000213 0.000000
v 0.007854 -0.000072 0.000000
v 0.007854 0.000072 0.000000
v 0.007889 0.000213 0.000000
v 0.007956 0.000341 0.000000
v 0.008052 0.000449 0.000000
v 0.008171 0.000531 0.000000
v 0.008306 0.000583 0.000000
v 0.008450 -0.000600 0.001400
v 0.008306 -0.000583 0.001400
v 0.008171 -0.000531 0.001400
v 0.008052 -0.000449 0.001400
v 0.007956 -0.000341 0.001400
v 0.007889 -0.000213 0.001400
v 0.007854 -0.000072 0.001400
v 0.007854 0.000072 0.001400
v 0.007889 0.000213 0.001400
v 0.007956 0.000341 0.001400
v 0.008052 0.000449 0.001400
v 0.008171 0.000531 0.001400
v 0.008306 0.000583 0.001400
v 0.010450 0.000600 0.001400
v 0.010450 0.000600 0.000000
v 0.010450 -0.000600 0.000000
v 0.010306 -0.000583 0.000000
v 0.010171 -0.000531 0.000000
v 0.010052 -0.000449 0.000000
v 0.009956 -0.000341 0.000000
v 0.009889 -0.000213 0.000000
v 0.009854 -0.000072 0.000000
v 0.009854 0.000072 0.000000
v 0.009889 0.000213 0.000000
v 0.009956 0.000341 0.000000
v 0.010052 0.000449 0.000000
v 0.010171 0.000531 0.000000
v 0.010306 0.000583 0.000000
v 0.010450 -0.000600 0.001400
v 0.010306 -0.000583 0.001400
v 0.010171 -0.000531 0.001400
v 0.010052 -0.000449 0.001400
v 0.009956 -0.000341 0.001400
v 0.009889 -0.000213 0.001400
v 0.009854 -0.000072 0.001400
v 0.009854 0.000072 0.001400
v 0.009889 0.000213 0.001400
v 0.009956 0.000341 0.001400
v 0.010052 0.000449 0.001400
v 0.010171 0.000531 0.001400
v 0.010306 0.000583 0.001400
v 0.012450 0.000600 0.001400
v 0.012450 0.000600 0.000000
v 0.012450 -0.000600 0.000000
v 0.012306 -0.000583 0.000000
v 0.012171 -0.000531 0.000000
v 0.012052 -0.000449 0.000000
v 0.011956 -0.000341 0.000000
v 0.011889 -0.000213 0.000000
v 0.011854 -0.000072 0.000000
v 0.011854 0.000072 0.000000
v 0.011889 0.000213 0.000000
v 0.011956 0.000341 0.000000
v 0.012052 0.000449 0.000000
v 0.012171 0.000531 0.000000
v 0.012306 0.000583 0.000000
v 0.012450 -0.000600 0.001400
v 0.012306 -0.000583 0.001400
v 0.012171 -0.000531 0.001400
v 0.012052 -0.000449 0.001400
v 0.011956 -0.000341 0.001400
v 0.011889 -0.000213 0.001400
v 0.011854 -0.000072 0.001400
v 0.011854 0.000072 0.001400
v 0.011889 0.000213 0.001400
v 0.011956 0.000341 0.001400
v 0.012052 0.000449 0.001400
v 0.012171 0.000531 0.001400
v 0.012306 0.000583 0.001400
v 0.014450 0.000600 0.001400
v 0.014450 0.000600 0.000000
v 0.014450 -0.000600 0.000000
v 0.014306 -0.000583 0.000000
v 0.014171 -0.000531 0.000000
v 0.014052 -0.000449 0.000000
v 0.013956 -0.000341 0.000000
v 0.013889 -0.000213 0.000000
v 0.013854 -0.000072 0.000000
v 0.013854 0.000072 0.000000
v 0.013889 0.000213 0.000000
v 0.013956 0.000341 0.000000
v 0.014052 0.000449 0.000000
v 0.014171 0.000531 0.000000
v 0.014306 0.000583 0.000000
v 0.014450 -0.000600 0.001400
v 0.014306 -0.000583 0.001400
v 0.014171 -0.000531 0.001400
v 0.014052 -0.000449 0.001400
v 0.013956 -0.000341 0.001400
v 0.013889 -0.000213 0.001400
v 0.013854 -0.000072 0.001400
v 0.013854 0.000072 0.001400
v 0.013889 0.000213 0.001400
v 0.013956 0.000341 0.001400
v 0.014052 0.000449 0.001400
v 0.014171 0.000531 0.001400
v 0.014306 0.000583 0.001400
v -0.004450 0.000600 0.001400
v -0.004450 0.000600 0.000000
v -0.004450 -0.000600 0.000000
v -0.004594 -0.000583 0.000000
v -0.004729 -0.000531 0.000000
v -0.004848 -0.000449 0.000000
v -0.004944 -0.000341 0.000000
v -0.005011 -0.000213 0.000000
v -0.005046 -0.000072 0.000000
v -0.005046 0.000072 0.000000
v -0.005011 0.000213 0.000000
v -0.004944 0.000341 0.000000
v -0.004848 0.000449 0.000000
v -0.004729 0.000531 0.000000
v -0.004594 0.000583 0.000000
v -0.004450 -0.000600 0.001400
v -0.004594 -0.000583 0.001400
v -0.004729 -0.000531 0.001400
v -0.004848 -0.000449 0.001400
v -0.004944 -0.000341 0.001400
v -0.005011 -0.000213 0.001400
v -0.005046 -0.000072 0.001400
v -0.005046 0.000072 0.001400
v -0.005011 0.000213 0.001400
v -0.004944 0.000341 0.001400
v -0.004848 0.000449 0.001400
v -0.004729 0.000531 0.001400
v -0.004594 0.000583 0.001400
v -0.006450 0.000600 0.001400
v -0.006450 0.000600 0.000000
v -0.006450 -0.000600 0.000000
v -0.006594 -0.000583 0.000000
v -0.006729 -0.000531 0.000000
v -0.006848 -0.000449 0.000000
v -0.006944 -0.000341 0.000000
v -0.007011 -0.000213 0.000000
v -0.007046 -0.000072 0.000000
v -0.007046 0.000072 0.000000
v -0.007011 0.000213 0.000000
v -0.006944 0.000341 0.000000
v -0.006848 0.000449 0.000000
v -0.006729 0.000531 0.000000
v -0.006594 0.000583 0.000000
v -0.006450 -0.000600 0.001400
v -0.006594 -0.000583 0.001400
v -0.006729 -0.000531 0.001400
v -0.006848 -0.000449 0.001400
v -0.006944 -0.000341 0.001400
v -0.007011 -0.000213 0.001400
v -0.007046 -0.000072 0.001400
v -0.007046 0.000072 0.001400
v -0.007011 0.000213 0.001400
v -0.006944 0.000341 0.001400
v -0.006848 0.000449 0.001400
v -0.006729 0.000531 0.001400
v -0.006594 0.000583 0.001400
v -0.008450 0.000600 0.001400
v -0.008450 0.000600 0.000000
v -0.008450 -0.000600 0.000000
v -0.008594 -0.000583 0.000000
v -0.008729 -0.000531 0.000000
v -0.008848 -0.000449 0.000000
v -0.008944 -0.000341 0.000000
v -0.009011 -0.000213 0.000000
v -0.009046 -0.000072 0.000000
v -0.009046 0.000072 0.000000
v -0.009011 0.000213 0.000000
v -0.008944 0.000341 0.000000
v -0.008848 0.000449 0.000000
v -0.008729 0.000531 0.000000
v -0.008594 0.000583 0.000000
v -0.008450 -0.000600 0.001400
v -0.008594 -0.000583 0.001400
v -0.008729 -0.000531 0.001400
v -0.008848 -0.000449 0.001400
v -0.008944 -0.000341 0.001400
v -0.009011 -0.000213 0.001400
v -0.009046 -0.000072 0.001400
v -0.009046 0.000072 0.001400
v -0.009011 0.000213 0.001400
v -0.008944 0.000341 0.001400
v -0.008848 0.000449 0.001400
v -0.008729 0.000531 0.001400
v -0.008594 0.000583 0.001400
v -0.010450 0.000600 0.001400
v -0.010450 0.000600 0.000000
v -0.010450 -0.000600 0.000000
v -0.010594 -0.000583 0.000000
v -0.010729 -0.000531 0.000000
v -0.010848 -0.000449 0.000000
v -0.010944 -0.000341 0.000000
v -0.011011 -0.000213 0.000000
v -0.011046 -0.000072 0.000000
v -0.011046 0.000072 0.000000
v -0.011011 0.000213 0.000000
v -0.010944 0.000341 0.000000
v -0.010848 0.000449 0.000000
v -0.010729 0.000531 0.000000
v -0.010594 0.000583 0.000000
v -0.010450 -0.000600 0.001400
v -0.010594 -0.000583 0.001400
v -0.010729 -0.000531 0.001400
v -0.010848 -0.000449 0.001400
v -0.010944 -0.000341 0.001400
v -0.011011 -0.000213 0.001400
v -0.011046 -0.000072 0.001400
v -0.011046 0.000072 0.001400
v -0.011011 0.000213 0.001400
v -0.010944 0.000341 0.001400
v -0.010848 0.000449 0.001400
v -0.010729 0.000531 0.001400
v -0.010594 0.000583 0.001400
v -0.012450 0.000600 0.001400
v -0.012450 0.000600 0.000000
v -0.012450 -0.000600 0.000000
v -0.012594 -0.000583 0.000000
v -0.012729 -0.000531 0.000000
v -0.012848 -0.000449 0.000000
v -0.012944 -0.000341 0.000000
v -0.013011 -0.000213 0.000000
v -0.013046 -0.000072 0.000000
v -0.013046 0.000072 0.000000
v -0.013011 0.000213 0.000000
v -0.012944 0.000341 0.000000
v -0.012848 0.000449 0.000000
v -0.012729 0.000531 0.000000
v -0.012594 0.000583 0.000000
v -0.012450 -0.000600 0.001400
v -0.012594 -0.000583 0.001400
v -0.012729 -0.000531 0.001400
v -0.012848 -0.000449 0.001400
v -0.012944 -0.000341 0.001400
v -0.013011 -0.000213 0.001400
v -0.013046 -0.000072 0.001400
v -0.013046 0.000072 0.001400
v -0.013011 0.000213 0.001400
v -0.012944 0.000341 0.001400
v -0.012848 0.000449 0.001400
v -0.012729 0.000531 0.001400
v -0.012594 0.000583 0.001400
v -0.014450 0.000600 0.001400
v -0.014450 0.000600 0.000000
v -0.014450 -0.000600 0.000000
v -0.014594 -0.000583 0.000000
v -0.014729 -0.000531 0.000000
v -0.014848 -0.000449 0.000000
v -0.014944 -0.000341 0.000000
v -0.015011 -0.000213 0.000000
v -0.015046 -0.000072 0.000000
v -0.015046 0.000072 0.000000
v -0.015011 0.000213 0.000000
v -0.014944 0.000341 0.000000
v -0.014848 0.000449 0.000000
v -0.014729 0.000531 0.000000
v -0.014594 0.000583 0.000000
v -0.014450 -0.000600 0.001400
v -0.014594 -0.000583 0.001400
v -0.014729 -0.000531 0.001400
v -0.014848 -0.000449 0.001400
v -0.014944 -0.000341 0.001400
v -0.015011 -0.000213 0.001400
v -0.015046 -0.000072 0.001400
v -0.015046 0.000072 0.001400
v -0.015011 0.000213 0.001400
v -0.014944 0.000341 0.001400
v -0.014848 0.000449 0.001400
v -0.014729 0.000531 0.001400
v -0.014594 0.000583 0.001400
v 0.000000 0.003450 0.003800
v 0.000826 0.003350 0.003800
v 0.001603 0.003055 0.003800
v 0.002288 0.002582 0.003800
v 0.002839 0.001960 0.003800
v 0.003226 0.001223 0.003800
v 0.003425 0.000416 0.003800
v 0.003425 -0.000416 0.003800
v 0.003226 -0.001223 0.003800
v 0.002839 -0.001960 0.003800
v 0.002288 -0.002582 0.003800
v 0.001603 -0.003055 0.003800
v 0.000826 -0.003350 0.003800
v 0.000000 -0.003450 0.003800
v 0.000000 -0.003450 0.000000
v 0.002209 -0.002650 0.000000
v 0.001542 -0.003086 0.000000
v 0.000792 -0.003358 0.000000
v 0.002209 -0.002650 0.001400
v 0.002732 -0.002107 0.001400
v 0.003124 -0.001463 0.001400
v 0.003368 -0.000749 0.001400
v 0.003450 0.000000 0.001400
v 0.003368 0.000749 0.001400
v 0.003124 0.001463 0.001400
v 0.002732 0.002107 0.001400
v 0.002209 0.002650 0.001400
v 0.002209 0.002650 0.000000
v 0.000000 0.003450 0.000000
v 0.000792 0.003358 0.000000
v 0.001542 0.003086 0.000000
v -0.002209 -0.002650 0.001400
v -0.014159 -0.001997 0.001400
v -0.014618 -0.001918 0.001400
v -0.015046 -0.001735 0.001400
v -0.015420 -0.001457 0.001400
v -0.015719 -0.001101 0.001400
v -0.015929 -0.000686 0.001400
v -0.016036 -0.000233 0.001400
v -0.016036 0.000233 0.001400
v -0.015929 0.000686 0.001400
v -0.015719 0.001101 0.001400
v -0.015420 0.001457 0.001400
v -0.015046 0.001735 0.001400
v -0.014618 0.001918 0.001400
v -0.014159 0.001997 0.001400
v -0.002209 0.002650 0.001400
v -0.002732 0.002107 0.001400
v -0.003124 0.001463 0.001400
v -0.003368 0.000749 0.001400
v -0.003450 0.000000 0.001400
v -0.003368 -0.000749 0.001400
v -0.003124 -0.001463 0.001400
v -0.002732 -0.002107 0.001400
v -0.012450 -0.000600 0.001400
v -0.012594 -0.000583 0.001400
v -0.012729 -0.000531 0.001400
v -0.012848 -0.000449 0.001400
v -0.012944 -0.000341 0.001400
v -0.013011 -0.000213 0.001400
v -0.013046 -0.000072 0.001400
v -0.013046 0.000072 0.001400
v -0.013011 0.000213 0.001400
v -0.012944 0.000341 0.001400
v -0.012848 0.000449 0.001400
v -0.012729 0.000531 0.001400
v -0.012594 0.000583 0.001400
v -0.012450 0.000600 0.001400
v -0.012306 0.000583 0.001400
v -0.012171 0.000531 0.001400
v -0.012052 0.000449 0.001400
v -0.011956 0.000341 0.001400
v -0.011889 0.000213 0.001400
v -0.011854 0.000072 0.001400
v -0.011854 -0.000072 0.001400
v -0.011889 -0.000213 0.001400
v -0.011956 -0.000341 0.001400
v -0.012052 -0.000449 0.001400
v -0.012171 -0.000531 0.001400
v -0.012306 -0.000583 0.001400
v -0.014450 -0.000600 0.001400
v -0.014594 -0.000583 0.001400
v -0.014729 -0.000531 0.001400
v -0.014848 -0.000449 0.001400
v -0.014944 -0.000341 0.001400
v -0.015011 -0.000213 0.001400
v -0.015046 -0.000072 0.001400
v -0.015046 0.000072 0.001400
v -0.015011 0.000213 0.001400
v -0.014944 0.000341 0.001400
v -0.014848 0.000449 0.001400
v -0.014729 0.000531 0.001400
v -0.014594 0.000583 0.001400
v -0.014450 0.000600 0.001400
v -0.014306 0.000583 0.001400
v -0.014171 0.000531 0.001400
v -0.014052 0.000449 0.001400
v -0.013956 0.000341 0.001400
v -0.013889 0.000213 0.001400
v -0.013854 0.000072 0.001400
v -0.013854 -0.000072 0.001400
v -0.013889 -0.000213 0.001400
v -0.013956 -0.000341 0.001400
v -0.014052 -0.000449 0.001400
v -0.014171 -0.000531 0.001400
v -0.014306 -0.000583 0.001400
v -0.010450 -0.000600 0.001400
v -0.010594 -0.000583 0.001400
v -0.010729 -0.000531 0.001400
v -0.010848 -0.000449 0.001400
v -0.010944 -0.000341 0.001400
v -0.011011 -0.000213 0.001400
v -0.011046 -0.000072 0.001400
v -0.011046 0.000072 0.001400
v -0.011011 0.000213 0.001400
v -0.010944 0.000341 0.001400
v -0.010848 0.000449 0.001400
v -0.010729 0.000531 0.001400
v -0.010594 0.000583 0.001400
v -0.010450 0.000600 0.001400
v -0.010306 0.000583 0.001400
v -0.010171 0.000531 0.001400
v -0.010052 0.000449 0.001400
v -0.009956 0.000341 0.001400
v -0.009889 0.000213 0.001400
v -0.009854 0.000072 0.001400
v -0.009854 -0.000072 0.001400
v -0.009889 -0.000213 0.001400
v -0.009956 -0.000341 0.001400
v -0.010052 -0.000449 0.001400
v -0.010171 -0.000531 0.001400
v -0.010306 -0.000583 0.001400
v -0.008450 -0.000600 0.001400
v -0.008594 -0.000583 0.001400
v -0.008729 -0.000531 0.001400
v -0.008848 -0.000449 0.001400
v -0.008944 -0.000341 0.001400
v -0.009011 -0.000213 0.001400
v -0.009046 -0.000072 0.001400
v -0.009046 0.000072 0.001400
v -0.009011 0.000213 0.001400
v -0.008944 0.000341 0.001400
v -0.008848 0.000449 0.001400
v -0.008729 0.000531 0.001400
v -0.008594 0.000583 0.001400
v -0.008450 0.000600 0.001400
v -0.008306 0.000583 0.001400
v -0.008171 0.000531 0.001400
v -0.008052 0.000449 0.001400
v -0.007956 0.000341 0.001400
v -0.007889 0.000213 0.001400
v -0.007854 0.000072 0.001400
v -0.007854 -0.000072 0.001400
v -0.007889 -0.000213 0.001400
v -0.007956 -0.000341 0.001400
v -0.008052 -0.000449 0.001400
v -0.008171 -0.000531 0.001400
v -0.008306 -0.000583 0.001400
v -0.006450 -0.000600 0.001400
v -0.006594 -0.000583 0.001400
v -0.006729 -0.000531 0.001400
v -0.006848 -0.000449 0.001400
v -0.006944 -0.000341 0.001400
v -0.007011 -0.000213 0.001400
v -0.007046 -0.000072 0.001400
v -0.007046 0.000072 0.001400
v -0.007011 0.000213 0.001400
v -0.006944 0.000341 0.001400
v -0.006848 0.000449 0.001400
v -0.006729 0.000531 0.001400
v -0.006594 0.000583 0.001400
v -0.006450 0.000600 0.001400
v -0.006306 0.000583 0.001400
v -0.006171 0.000531 0.001400
v -0.006052 0.000449 0.001400
v -0.005956 0.000341 0.001400
v -0.005889 0.000213 0.001400
v -0.005854 0.000072 0.001400
v -0.005854 -0.000072 0.001400
v -0.005889 -0.000213 0.001400
v -0.005956 -0.000341 0.001400
v -0.006052 -0.000449 0.001400
v -0.006171 -0.000531 0.001400
v -0.006306 -0.000583 0.001400
v -0.004450 -0.000600 0.001400
v -0.004594 -0.000583 0.001400
v -0.004729 -0.000531 0.001400
v -0.004848 -0.000449 0.001400
v -0.004944 -0.000341 0.001400
v -0.005011 -0.000213 0.001400
v -0.005046 -0.000072 0.001400
v -0.005046 0.000072 0.001400
v -0.005011 0.000213 0.001400
v -0.004944 0.000341 0.001400
v -0.004848 0.000449 0.001400
v -0.004729 0.000531 0.001400
v -0.004594 0.000583 0.001400
v -0.004450 0.000600 0.001400
v -0.004306 0.000583 0.001400
v -0.004171 0.000531 0.001400
v -0.004052 0.000449 0.001400
v -0.003956 0.000341 0.001400
v -0.003889 0.000213 0.001400
v -0.003854 0.000072 0.001400
v -0.003854 -0.000072 0.001400
v -0.003889 -0.000213 0.001400
v -0.003956 -0.000341 0.001400
v -0.004052 -0.000449 0.001400
v -0.004171 -0.000531 0.001400
v -0.004306 -0.000583 0.001400
v 0.000000 -0.003450 0.003800
v 0.000000 -0.003450 0.000000
v -0.000826 -0.003350 0.003800
v -0.001603 -0.003055 0.003800
v -0.002288 -0.002582 0.003800
v -0.002839 -0.001960 0.003800
v -0.003226 -0.001223 0.003800
v -0.003425 -0.000416 0.003800
v -0.003425 0.000416 0.003800
v -0.003226 0.001223 0.003800
v -0.002839 0.001960 0.003800
v -0.002288 0.002582 0.003800
v -0.001603 0.003055 0.003800
v -0.000826 0.003350 0.003800
v 0.000000 0.003450 0.003800
v 0.000000 0.003450 0.000000
v -0.002209 0.002650 0.000000
v -0.001542 0.003086 0.000000
v -0.000792 0.003358 0.000000
v -0.002209 0.002650 0.001400
v -0.002732 0.002107 0.001400
v -0.003124 0.001463 0.001400
v -0.003368 0.000749 0.001400
v -0.003450 0.000000 0.001400
v -0.003368 -0.000749 0.001400
v -0.003124 -0.001463 0.001400
v -0.002732 -0.002107 0.001400
v -0.002209 -0.002650 0.001400
v -0.002209 -0.002650 0.000000
v -0.000792 -0.003358 0.000000
v -0.001542 -0.003086 0.000000
v -0.014159 0.001997 0.000000
v -0.002209 0.002650 0.000000
v -0.014159 0.001997 0.001400
v -0.002209 0.002650 0.001400
v -0.014159 -0.001997 0.000000
v -0.014618 -0.001918 0.000000
v -0.015046 -0.001735 0.000000
v -0.015420 -0.001457 0.000000
v -0.015719 -0.001101 0.000000
v -0.015929 -0.000686 0.000000
v -0.016036 -0.000233 0.000000
v -0.016036 0.000233 0.000000
v -0.015929 0.000686 0.000000
v -0.015719 0.001101 0.000000
v -0.015420 0.001457 0.000000
v -0.015046 0.001735 0.000000
v -0.014618 0.001918 0.000000
v -0.014159 0.001997 0.000000
v -0.014159 -0.001997 0.001400
v -0.014618 -0.001918 0.001400
v -0.015046 -0.001735 0.001400
v -0.015420 -0.001457 0.001400
v -0.015719 -0.001101 0.001400
v -0.015929 -0.000686 0.001400
v -0.016036 -0.000233 0.001400
v -0.016036 0.000233 0.001400
v -0.015929 0.000686 0.001400
v -0.015719 0.001101 0.001400
v -0.015420 0.001457 0.001400
v -0.015046 0.001735 0.001400
v -0.014618 0.001918 0.001400
v -0.014159 0.001997 0.001400
v -0.002209 -0.002650 0.000000
v -0.014159 -0.001997 0.000000
v -0.002209 -0.002650 0.001400
v -0.014159 -0.001997 0.001400
v -0.014159 0.001997 0.000000
v -0.002209 0.002650 0.000000
v -0.001542 0.003086 0.000000
v -0.000792 0.003358 0.000000
v 0.000000 0.003450 0.000000
v 0.000792 0.003358 0.000000
v 0.001542 0.003086 0.000000
v 0.002209 0.002650 0.000000
v 0.014159 0.001997 0.000000
v 0.014618 0.001918 0.000000
v 0.015046 0.001735 0.000000
v 0.015420 0.001457 0.000000
v 0.015719 0.001101 0.000000
v 0.015929 0.000686 0.000000
v 0.016036 0.000233 0.000000
v 0.016036 -0.000233 0.000000
v 0.015929 -0.000686 0.000000
v 0.015719 -0.001101 0.000000
v 0.015420 -0.001457 0.000000
v 0.015046 -0.001735 0.000000
v 0.014618 -0.001918 0.000000
v 0.014159 -0.001997 0.000000
v 0.002209 -0.002650 0.000000
v 0.001542 -0.003086 0.000000
v 0.000792 -0.003358 0.000000
v 0.000000 -0.003450 0.000000
v -0.000792 -0.003358 0.000000
v -0.001542 -0.003086 0.000000
v -0.002209 -0.002650 0.000000
v -0.014159 -0.001997 0.000000
v -0.014618 -0.001918 0.000000
v -0.015046 -0.001735 0.000000
v -0.015420 -0.001457 0.000000
v -0.015719 -0.001101 0.000000
v -0.015929 -0.000686 0.000000
v -0.016036 -0.000233 0.000000
v -0.016036 0.000233 0.000000
v -0.015929 0.000686 0.000000
v -0.015719 0.001101 0.000000
v -0.015420 0.001457 0.000000
v -0.015046 0.001735 0.000000
v -0.014618 0.001918 0.000000
v 0.000000 0.002300 0.000000
v 0.000550 0.002233 0.000000
v 0.001069 0.002037 0.000000
v 0.001525 0.001722 0.000000
v 0.001893 0.001307 0.000000
v 0.002151 0.000816 0.000000
v 0.002283 0.000277 0.000000
v 0.002283 -0.000277 0.000000
v 0.002151 -0.000816 0.000000
v 0.001893 -0.001307 0.000000
v 0.001525 -0.001722 0.000000
v 0.001069 -0.002037 0.000000
v 0.000550 -0.002233 0.000000
v 0.000000 -0.002300 0.000000
v -0.000550 -0.002233 0.000000
v -0.001069 -0.002037 0.000000
v -0.001525 -0.001722 0.000000
v -0.001893 -0.001307 0.000000
v -0.002151 -0.000816 0.000000
v -0.002283 -0.000277 0.000000
v -0.002283 0.000277 0.000000
v -0.002151 0.000816 0.000000
v -0.001893 0.001307 0.000000
v -0.001525 0.001722 0.000000
v -0.001069 0.002037 0.000000
v -0.000550 0.002233 0.000000
v 0.004450 0.000600 0.000000
v 0.004594 0.000583 0.000000
v 0.004729 0.000531 0.000000
v 0.004848 0.000449 0.000000
v 0.004944 0.000341 0.000000
v 0.005011 0.000213 0.000000
v 0.005046 0.000072 0.000000
v 0.005046 -0.000072 0.000000
v 0.005011 -0.000213 0.000000
v 0.004944 -0.000341 0.000000
v 0.004848 -0.000449 0.000000
v 0.004729 -0.000531 0.000000
v 0.004594 -0.000583 0.000000
v 0.004450 -0.000600 0.000000
v 0.004306 -0.000583 0.000000
v 0.004171 -0.000531 0.000000
v 0.004052 -0.000449 0.000000
v 0.003956 -0.000341 0.000000
v 0.003889 -0.000213 0.000000
v 0.003854 -0.000072 0.000000
v 0.003854 0.000072 0.000000
v 0.003889 0.000213 0.000000
v 0.003956 0.000341 0.000000
v 0.004052 0.000449 0.000000
v 0.004171 0.000531 0.000000
v 0.004306 0.000583 0.000000
v 0.006450 0.000600 0.000000
v 0.006594 0.000583 0.000000
v 0.006729 0.000531 0.000000
v 0.006848 0.000449 0.000000
v 0.006944 0.000341 0.000000
v 0.007011 0.000213 0.000000
v 0.007046 0.000072 0.000000
v 0.007046 -0.000072 0.000000
v 0.007011 -0.000213 0.000000
v 0.006944 -0.000341 0.000000
v 0.006848 -0.000449 0.000000
v 0.006729 -0.000531 0.000000
v 0.006594 -0.000583 0.000000
v 0.006450 -0.000600 0.000000
v 0.006306 -0.000583 0.000000
v 0.006171 -0.000531 0.000000
v 0.006052 -0.000449 0.000000
v 0.005956 -0.000341 0.000000
v 0.005889 -0.000213 0.000000
v 0.005854 -0.000072 0.000000
v 0.005854 0.000072 0.000000
v 0.005889 0.000213 0.000000
v 0.005956 0.000341 0.000000
v 0.006052 0.000449 0.000000
v 0.006171 0.000531 0.000000
v 0.006306 0.000583 0.000000
v 0.008450 0.000600 0.000000
v 0.008594 0.000583 0.000000
v 0.008729 0.000531 0.000000
v 0.008848 0.000449 0.000000
v 0.008944 0.000341 0.000000
v 0.009011 0.000213 0.000000
v 0.009046 0.000072 0.000000
v 0.009046 -0.000072 0.000000
v 0.009011 -0.000213 0.000000
v 0.008944 -0.000341 0.000000
v 0.008848 -0.000449 0.000000
v 0.008729 -0.000531 0.000000
v 0.008594 -0.000583 0.000000
v 0.008450 -0.000600 0.000000
v 0.008306 -0.000583 0.000000
v 0.008171 -0.000531 0.000000
v 0.008052 -0.000449 0.000000
v 0.007956 -0.000341 0.000000
v 0.007889 -0.000213 0.000000
v 0.007854 -0.000072 0.000000
v 0.007854 0.000072 0.000000
v 0.007889 0.000213 0.000000
v 0.007956 0.000341 0.000000
v 0.008052 0.000449 0.000000
v 0.008171 0.000531 0.000000
v 0.008306 0.000583 0.000000
v 0.010450 0.000600 0.000000
v 0.010594 0.000583 0.000000
v 0.010729 0.000531 0.000000
v 0.010848 0.000449 0.000000
v 0.010944 0.000341 0.000000
v 0.011011 0.000213 0.000000
v 0.011046 0.000072 0.000000
v 0.011046 -0.000072 0.000000
v 0.011011 -0.000213 0.000000
v 0.010944 -0.000341 0.000000
v 0.010848 -0.000449 0.000000
v 0.010729 -0.000531 0.000000
v 0.010594 -0.000583 0.000000
v 0.010450 -0.000600 0.000000
v 0.010306 -0.000583 0.000000
v 0.010171 -0.000531 0.000000
v 0.010052 -0.000449 0.000000
v 0.009956 -0.000341 0.000000
v 0.009889 -0.000213 0.000000
v 0.009854 -0.000072 0.000000
v 0.009854 0.000072 0.000000
v 0.009889 0.000213 0.000000
v 0.009956 0.000341 0.000000
v 0.010052 0.000449 0.000000
v 0.010171 0.000531 0.000000
v 0.010306 0.000583 0.000000
v 0.012450 0.000600 0.000000
v 0.012594 0.000583 0.000000
v 0.012729 0.000531 0.000000
v 0.012848 0.000449 0.000000
v 0.012944 0.000341 0.000000
v 0.013011 0.000213 0.000000
v 0.013046 0.000072 0.000000
v 0.013046 -0.000072 0.000000
v 0.013011 -0.000213 0.000000
v 0.012944 -0.000341 0.000000
v 0.012848 -0.000449 0.000000
v 0.012729 -0.000531 0.000000
v 0.012594 -0.000583 0.000000
v 0.012450 -0.000600 0.000000
v 0.012306 -0.000583 0.000000
v 0.012171 -0.000531 0.000000
v 0.012052 -0.000449 0.000000
v 0.011956 -0.000341 0.000000
v 0.011889 -0.000213 0.000000
v 0.011854 -0.000072 0.000000
v 0.011854 0.000072 0.000000
v 0.011889 0.000213 0.000000
v 0.011956 0.000341 0.000000
v 0.012052 0.000449 0.000000
v 0.012171 0.000531 0.000000
v 0.012306 0.000583 0.000000
v 0.014450 0.000600 0.000000
v 0.014594 0.000583 0.000000
v 0.014729 0.000531 0.000000
v 0.014848 0.000449 0.000000
v 0.014944 0.000341 0.000000
v 0.015011 0.000213 0.000000
v 0.015046 0.000072 0.000000
v 0.015046 -0.000072 0.000000
v 0.015011 -0.000213 0.000000
v 0.014944 -0.000341 0.000000
v 0.014848 -0.000449 0.000000
v 0.014729 -0.000531 0.000000
v 0.014594 -0.000583 0.000000
v 0.014450 -0.000600 0.000000
v 0.014306 -0.000583 0.000000
v 0.014171 -0.000531 0.000000
v 0.014052 -0.000449 0.000000
v 0.013956 -0.000341 0.000000
v 0.013889 -0.000213 0.000000
v 0.013854 -0.000072 0.000000
v 0.013854 0.000072 0.000000
v 0.013889 0.000213 0.000000
v 0.013956 0.000341 0.000000
v 0.014052 0.000449 0.000000
v 0.014171 0.000531 0.000000
v 0.014306 0.000583 0.000000
v -0.012450 0.000600 0.000000
v -0.012306 0.000583 0.000000
v -0.012171 0.000531 0.000000
v -0.012052 0.000449 0.000000
v -0.011956 0.000341 0.000000
v -0.011889 0.000213 0.000000
v -0.011854 0.000072 0.000000
v -0.011854 -0.000072 0.000000
v -0.011889 -0.000213 0.000000
v -0.011956 -0.000341 0.000000
v -0.012052 -0.000449 0.000000
v -0.012171 -0.000531 0.000000
v -0.012306 -0.000583 0.000000
v -0.012450 -0.000600 0.000000
v -0.012594 -0.000583 0.000000
v -0.012729 -0.000531 0.000000
v -0.012848 -0.000449 0.000000
v -0.012944 -0.000341 0.000000
v -0.013011 -0.000213 0.000000
v -0.013046 -0.000072 0.000000
v -0.013046 0.000072 0.000000
v -0.013011 0.000213 0.000000
v -0.012944 0.000341 0.000000
v -0.012848 0.000449 0.000000
v -0.012729 0.000531 0.000000
v -0.012594 0.000583 0.000000
v -0.014450 0.000600 0.000000
v -0.014306 0.000583 0.000000
v -0.014171 0.000531 0.000000
v -0.014052 0.000449 0.000000
v -0.013956 0.000341 0.000000
v -0.013889 0.000213 0.000000
v -0.013854 0.000072 0.000000
v -0.013854 -0.000072 0.000000
v -0.013889 -0.000213 0.000000
v -0.013956 -0.000341 0.000000
v -0.014052 -0.000449 0.000000
v -0.014171 -0.000531 0.000000
v -0.014306 -0.000583 0.000000
v -0.014450 -0.000600 0.000000
v -0.014594 -0.000583 0.000000
v -0.014729 -0.000531 0.000000
v -0.014848 -0.000449 0.000000
v -0.014944 -0.000341 0.000000
v -0.015011 -0.000213 0.000000
v -0.015046 -0.000072 0.000000
v -0.015046 0.000072 0.000000
v -0.015011 0.000213 0.000000
v -0.014944 0.000341 0.000000
v -0.014848 0.000449 0.000000
v -0.014729 0.000531 0.000000
v -0.014594 0.000583 0.000000
v -0.010450 0.000600 0.000000
v -0.010306 0.000583 0.000000
v -0.010171 0.000531 0.000000
v -0.010052 0.000449 0.000000
v -0.009956 0.000341 0.000000
v -0.009889 0.000213 0.000000
v -0.009854 0.000072 0.000000
v -0.009854 -0.000072 0.000000
v -0.009889 -0.000213 0.000000
v -0.009956 -0.000341 0.000000
v -0.010052 -0.000449 0.000000
v -0.010171 -0.000531 0.000000
v -0.010306 -0.000583 0.000000
v -0.010450 -0.000600 0.000000
v -0.010594 -0.000583 0.000000
v -0.010729 -0.000531 0.000000
v -0.010848 -0.000449 0.000000
v -0.010944 -0.000341 0.000000
v -0.011011 -0.000213 0.000000
v -0.011046 -0.000072 0.000000
v -0.011046 0.000072 0.000000
v -0.011011 0.000213 0.000000
v -0.010944 0.000341 0.000000
v -0.010848 0.000449 0.000000
v -0.010729 0.000531 0.000000
v -0.010594 0.000583 0.000000
v -0.008450 0.000600 0.000000
v -0.008306 0.000583 0.000000
v -0.008171 0.000531 0.000000
v -0.008052 0.000449 0.000000
v -0.007956 0.000341 0.000000
v -0.007889 0.000213 0.000000
v -0.007854 0.000072 0.000000
v -0.007854 -0.000072 0.000000
v -0.007889 -0.000213 0.000000
v -0.007956 -0.000341 0.000000
v -0.008052 -0.000449 0.000000
v -0.008171 -0.000531 0.000000
v -0.008306 -0.000583 0.000000
v -0.008450 -0.000600 0.000000
v -0.008594 -0.000583 0.000000
v -0.008729 -0.000531 0.000000
v -0.008848 -0.000449 0.000000
v -0.008944 -0.000341 0.000000
v -0.009011 -0.000213 0.000000
v -0.009046 -0.000072 0.000000
v -0.009046 0.000072 0.000000
v -0.009011 0.000213 0.000000
v -0.008944 0.000341 0.000000
v -0.008848 0.000449 0.000000
v -0.008729 0.000531 0.000000
v -0.008594 0.000583 0.000000
v -0.006450 0.000600 0.000000
v -0.006306 0.000583 0.000000
v -0.006171 0.000531 0.000000
v -0.006052 0.000449 0.000000
v -0.005956 0.000341 0.000000
v -0.005889 0.000213 0.000000
v -0.005854 0.000072 0.000000
v -0.005854 -0.000072 0.000000
v -0.005889 -0.000213 0.000000
v -0.005956 -0.000341 0.000000
v -0.006052 -0.000449 0.000000
v -0.006171 -0.000531 0.000000
v -0.006306 -0.000583 0.000000
v -0.006450 -0.000600 0.000000
v -0.006594 -0.000583 0.000000
v -0.006729 -0.000531 0.000000
v -0.006848 -0.000449 0.000000
v -0.006944 -0.000341 0.000000
v -0.007011 -0.000213 0.000000
v -0.007046 -0.000072 0.000000
v -0.007046 0.000072 0.000000
v -0.007011 0.000213 0.000000
v -0.006944 0.000341 0.000000
v -0.006848 0.000449 0.000000
v -0.006729 0.000531 0.000000
v -0.006594 0.000583 0.000000
v -0.004450 0.000600 0.000000
v -0.004306 0.000583 0.000000
v -0.004171 0.000531 0.000000
v -0.004052 0.000449 0.000000
v -0.003956 0.000341 0.000000
v -0.003889 0.000213 0.000000
v -0.003854 0.000072 0.000000
v -0.003854 -0.000072 0.000000
v -0.003889 -0.000213 0.000000
v -0.003956 -0.000341 0.000000
v -0.004052 -0.000449 0.000000
v -0.004171 -0.000531 0.000000
v -0.004306 -0.000583 0.000000
v -0.004450 -0.000600 0.000000
v -0.004594 -0.000583 0.000000
v -0.004729 -0.000531 0.000000
v -0.004848 -0.000449 0.000000
v -0.004944 -0.000341 0.000000
v -0.005011 -0.000213 0.000000
v -0.005046 -0.000072 0.000000
v -0.005046 0.000072 0.000000
v -0.005011 0.000213 0.000000
v -0.004944 0.000341 0.000000
v -0.004848 0.000449 0.000000
v -0.004729 0.000531 0.000000
v -0.004594 0.000583 0.000000
v -0.014450 0.000600 0.000000
v -0.014306 0.000583 0.000000
v -0.014171 0.000531 0.000000
v -0.014052 0.000449 0.000000
v -0.013956 0.000341 0.000000
v -0.013889 0.000213 0.000000
v -0.013854 0.000072 0.000000
v -0.013854 -0.000072 0.000000
v -0.013889 -0.000213 0.000000
v -0.013956 -0.000341 0.000000
v -0.014052 -0.000449 0.000000
v -0.014171 -0.000531 0.000000
v -0.014306 -0.000583 0.000000
v -0.014450 -0.000600 0.000000
v -0.014450 0.000600 0.001400
v -0.014306 0.000583 0.001400
v -0.014171 0.000531 0.001400
v -0.014052 0.000449 0.001400
v -0.013956 0.000341 0.001400
v -0.013889 0.000213 0.001400
v -0.013854 0.000072 0.001400
v -0.013854 -0.000072 0.001400
v -0.013889 -0.000213 0.001400
v -0.013956 -0.000341 0.001400
v -0.014052 -0.000449 0.001400
v -0.014171 -0.000531 0.001400
v -0.014306 -0.000583 0.001400
v -0.014450 -0.000600 0.001400
v -0.012450 0.000600 0.000000
v -0.012306 0.000583 0.000000
v -0.012171 0.000531 0.000000
v -0.012052 0.000449 0.000000
v -0.011956 0.000341 0.000000
v -0.011889 0.000213 0.000000
v -0.011854 0.000072 0.000000
v -0.011854 -0.000072 0.000000
v -0.011889 -0.000213 0.000000
v -0.011956 -0.000341 0.000000
v -0.012052 -0.000449 0.000000
v -0.012171 -0.000531 0.000000
v -0.012306 -0.000583 0.000000
v -0.012450 -0.000600 0.000000
v -0.012450 0.000600 0.001400
v -0.012306 0.000583 0.001400
v -0.012171 0.000531 0.001400
v -0.012052 0.000449 0.001400
v -0.011956 0.000341 0.001400
v -0.011889 0.000213 0.001400
v -0.011854 0.000072 0.001400
v -0.011854 -0.000072 0.001400
v -0.011889 -0.000213 0.001400
v -0.011956 -0.000341 0.001400
v -0.012052 -0.000449 0.001400
v -0.012171 -0.000531 0.001400
v -0.012306 -0.000583 0.001400
v -0.012450 -0.000600 0.001400
v -0.010450 0.000600 0.000000
v -0.010306 0.000583 0.000000
v -0.010171 0.000531 0.000000
v -0.010052 0.000449 0.000000
v -0.009956 0.000341 0.000000
v -0.009889 0.000213 0.000000
v -0.009854 0.000072 0.000000
v -0.009854 -0.000072 0.000000
v -0.009889 -0.000213 0.000000
v -0.009956 -0.000341 0.000000
v -0.010052 -0.000449 0.000000
v -0.010171 -0.000531 0.000000
v -0.010306 -0.000583 0.000000
v -0.010450 -0.000600 0.000000
v -0.010450 0.000600 0.001400
v -0.010306 0.000583 0.001400
v -0.010171 0.000531 0.001400
v -0.010052 0.000449 0.001400
v -0.009956 0.000341 0.001400
v -0.009889 0.000213 0.001400
v -0.009854 0.000072 0.001400
v -0.009854 -0.000072 0.001400
v -0.009889 -0.000213 0.001400
v -0.009956 -0.000341 0.001400
v -0.010052 -0.000449 0.001400
v -0.010171 -0.000531 0.001400
v -0.010306 -0.000583 0.001400
v -0.010450 -0.000600 0.001400
v -0.008450 0.000600 0.000000
v -0.008306 0.000583 0.000000
v -0.008171 0.000531 0.000000
v -0.008052 0.000449 0.000000
v -0.007956 0.000341 0.000000
v -0.007889 0.000213 0.000000
v -0.007854 0.000072 0.000000
v -0.007854 -0.000072 0.000000
v -0.007889 -0.000213 0.000000
v -0.007956 -0.000341 0.000000
v -0.008052 -0.000449 0.000000
v -0.008171 -0.000531 0.000000
v -0.008306 -0.000583 0.000000
v -0.008450 -0.000600 0.000000
v -0.008450 0.000600 0.001400
v -0.008306 0.000583 0.001400
v -0.008171 0.000531 0.001400
v -0.008052 0.000449 0.001400
v -0.007956 0.000341 0.001400
v -0.007889 0.000213 0.001400
v -0.007854 0.000072 0.001400
v -0.007854 -0.000072 0.001400
v -0.007889 -0.000213 0.001400
v -0.007956 -0.000341 0.001400
v -0.008052 -0.000449 0.001400
v -0.008171 -0.000531 0.001400
v -0.008306 -0.000583 0.001400
v -0.008450 -0.000600 0.001400
v -0.006450 0.000600 0.000000
v -0.006306 0.000583 0.000000
v -0.006171 0.000531 0.000000
v -0.006052 0.000449 0.000000
v -0.005956 0.000341 0.000000
v -0.005889 0.000213 0.000000
v -0.005854 0.000072 0.000000
v -0.005854 -0.000072 0.000000
v -0.005889 -0.000213 0.000000
v -0.005956 -0.000341 0.000000
v -0.006052 -0.000449 0.000000
v -0.006171 -0.000531 0.000000
v -0.006306 -0.000583 0.000000
v -0.006450 -0.000600 0.000000
v -0.006450 0.000600 0.001400
v -0.006306 0.000583 0.001400
v -0.006171 0.000531 0.001400
v -0.006052 0.000449 0.001400
v -0.005956 0.000341 0.001400
v -0.005889 0.000213 0.001400
v -0.005854 0.000072 0.001400
v -0.005854 -0.000072 0.001400
v -0.005889 -0.000213 0.001400
v -0.005956 -0.000341 0.001400
v -0.006052 -0.000449 0.001400
v -0.006171 -0.000531 0.001400
v -0.006306 -0.000583 0.001400
v -0.006450 -0.000600 0.001400
v -0.004450 0.000600 0.000000
v -0.004306 0.000583 0.000000
v -0.004171 0.000531 0.000000
v -0.004052 0.000449 0.000000
v -0.003956 0.000341 0.000000
v -0.003889 0.000213 0.000000
v -0.003854 0.000072 0.000000
v -0.003854 -0.000072 0.000000
v -0.003889 -0.000213 0.000000
v -0.003956 -0.000341 0.000000
v -0.004052 -0.000449 0.000000
v -0.004171 -0.000531 0.000000
v -0.004306 -0.000583 0.000000
v -0.004450 -0.000600 0.000000
v -0.004450 0.000600 0.001400
v -0.004306 0.000583 0.001400
v -0.004171 0.000531 0.001400
v -0.004052 0.000449 0.001400
v -0.003956 0.000341 0.001400
v -0.003889 0.000213 0.001400
v -0.003854 0.000072 0.001400
v -0.003854 -0.000072 0.001400
v -0.003889 -0.000213 0.001400
v -0.003956 -0.000341 0.001400
v -0.004052 -0.000449 0.001400
v -0.004171 -0.000531 0.001400
v -0.004306 -0.000583 0.001400
v -0.004450 -0.000600 0.001400
v 0.014159 -0.001997 0.000000
v 0.002209 -0.002650 0.000000
v 0.014159 -0.001997 0.001400
v 0.002209 -0.002650 0.001400
v 0.014159 0.001997 0.000000
v 0.014618 0.001918 0.000000
v 0.015046 0.001735 0.000000
v 0.015420 0.001457 0.000000
v 0.015719 0.001101 0.000000
v 0.015929 0.000686 0.000000
v 0.016036 0.000233 0.000000
v 0.016036 -0.000233 0.000000
v 0.015929 -0.000686 0.000000
v 0.015719 -0.001101 0.000000
v 0.015420 -0.001457 0.000000
v 0.015046 -0.001735 0.000000
v 0.014618 -0.001918 0.000000
v 0.014159 -0.001997 0.000000
v 0.014159 0.001997 0.001400
v 0.014618 0.001918 0.001400
v 0.015046 0.001735 0.001400
v 0.015420 0.001457 0.001400
v 0.015719 0.001101 0.001400
v 0.015929 0.000686 0.001400
v 0.016036 0.000233 0.001400
v 0.016036 -0.000233 0.001400
v 0.015929 -0.000686 0.001400
v 0.015719 -0.001101 0.001400
v 0.015420 -0.001457 0.001400
v 0.015046 -0.001735 0.001400
v 0.014618 -0.001918 0.001400
v 0.014159 -0.001997 0.001400
v 0.002209 0.002650 0.000000
v 0.014159 0.001997 0.000000
v 0.002209 0.002650 0.001400
v 0.014159 0.001997 0.001400
v 0.002209 0.002650 0.001400
v 0.014159 0.001997 0.001400
v 0.014618 0.001918 0.001400
v 0.015046 0.001735 0.001400
v 0.015420 0.001457 0.001400
v 0.015719 0.001101 0.001400
v 0.015929 0.000686 0.001400
v 0.016036 0.000233 0.001400
v 0.016036 -0.000233 0.001400
v 0.015929 -0.000686 0.001400
v 0.015719 -0.001101 0.001400
v 0.015420 -0.001457 0.001400
v 0.015046 -0.001735 0.001400
v 0.014618 -0.001918 0.001400
v 0.014159 -0.001997 0.001400
v 0.002209 -0.002650 0.001400
v 0.002732 -0.002107 0.001400
v 0.003124 -0.001463 0.001400
v 0.003368 -0.000749 0.001400
v 0.003450 0.000000 0.001400
v 0.003368 0.000749 0.001400
v 0.003124 0.001463 0.001400
v 0.002732 0.002107 0.001400
v 0.004450 -0.000600 0.001400
v 0.004306 -0.000583 0.001400
v 0.004171 -0.000531 0.001400
v 0.004052 -0.000449 0.001400
v 0.003956 -0.000341 0.001400
v 0.003889 -0.000213 0.001400
v 0.003854 -0.000072 0.001400
v 0.003854 0.000072 0.001400
v 0.003889 0.000213 0.001400
v 0.003956 0.000341 0.001400
v 0.004052 0.000449 0.001400
v 0.004171 0.000531 0.001400
v 0.004306 0.000583 0.001400
v 0.004450 0.000600 0.001400
v 0.004594 0.000583 0.001400
v 0.004729 0.000531 0.001400
v 0.004848 0.000449 0.001400
v 0.004944 0.000341 0.001400
v 0.005011 0.000213 0.001400
v 0.005046 0.000072 0.001400
v 0.005046 -0.000072 0.001400
v 0.005011 -0.000213 0.001400
v 0.004944 -0.000341 0.001400
v 0.004848 -0.000449 0.001400
v 0.004729 -0.000531 0.001400
v 0.004594 -0.000583 0.001400
v 0.006450 -0.000600 0.001400
v 0.006306 -0.000583 0.001400
v 0.006171 -0.000531 0.001400
v 0.006052 -0.000449 0.001400
v 0.005956 -0.000341 0.001400
v 0.005889 -0.000213 0.001400
v 0.005854 -0.000072 0.001400
v 0.005854 0.000072 0.001400
v 0.005889 0.000213 0.001400
v 0.005956 0.000341 0.001400
v 0.006052 0.000449 0.001400
v 0.006171 0.000531 0.001400
v 0.006306 0.000583 0.001400
v 0.006450 0.000600 0.001400
v 0.006594 0.000583 0.001400
v 0.006729 0.000531 0.001400
v 0.006848 0.000449 0.001400
v 0.006944 0.000341 0.001400
v 0.007011 0.000213 0.001400
v 0.007046 0.000072 0.001400
v 0.007046 -0.000072 0.001400
v 0.007011 -0.000213 0.001400
v 0.006944 -0.000341 0.001400
v 0.006848 -0.000449 0.001400
v 0.006729 -0.000531 0.001400
v 0.006594 -0.000583 0.001400
v 0.008450 -0.000600 0.001400
v 0.008306 -0.000583 0.001400
v 0.008171 -0.000531 0.001400
v 0.008052 -0.000449 0.001400
v 0.007956 -0.000341 0.001400
v 0.007889 -0.000213 0.001400
v 0.007854 -0.000072 0.001400
v 0.007854 0.000072 0.001400
v 0.007889 0.000213 0.001400
v 0.007956 0.000341 0.001400
v 0.008052 0.000449 0.001400
v 0.008171 0.000531 0.001400
v 0.008306 0.000583 0.001400
v 0.008450 0.000600 0.001400
v 0.008594 0.000583 0.001400
v 0.008729 0.000531 0.001400
v 0.008848 0.000449 0.001400
v 0.008944 0.000341 0.001400
v 0.009011 0.000213 0.001400
v 0.009046 0.000072 0.001400
v 0.009046 -0.000072 0.001400
v 0.009011 -0.000213 0.001400
v 0.008944 -0.000341 0.001400
v 0.008848 -0.000449 0.001400
v 0.008729 -0.000531 0.001400
v 0.008594 -0.000583 0.001400
v 0.010450 -0.000600 0.001400
v 0.010306 -0.000583 0.001400
v 0.010171 -0.000531 0.001400
v 0.010052 -0.000449 0.001400
v 0.009956 -0.000341 0.001400
v 0.009889 -0.000213 0.001400
v 0.009854 -0.000072 0.001400
v 0.009854 0.000072 0.001400
v 0.009889 0.000213 0.001400
v 0.009956 0.000341 0.001400
v 0.010052 0.000449 0.001400
v 0.010171 0.000531 0.001400
v 0.010306 0.000583 0.001400
v 0.010450 0.000600 0.001400
v 0.010594 0.000583 0.001400
v 0.010729 0.000531 0.001400
v 0.010848 0.000449 0.001400
v 0.010944 0.000341 0.001400
v 0.011011 0.000213 0.001400
v 0.011046 0.000072 0.001400
v 0.011046 -0.000072 0.001400
v 0.011011 -0.000213 0.001400
v 0.010944 -0.000341 0.001400
v 0.010848 -0.000449 0.001400
v 0.010729 -0.000531 0.001400
v 0.010594 -0.000583 0.001400
v 0.012450 -0.000600 0.001400
v 0.012306 -0.000583 0.001400
v 0.012171 -0.000531 0.001400
v 0.012052 -0.000449 0.001400
v 0.011956 -0.000341 0.001400
v 0.011889 -0.000213 0.001400
v 0.011854 -0.000072 0.001400
v 0.011854 0.000072 0.001400
v 0.011889 0.000213 0.001400
v 0.011956 0.000341 0.001400
v 0.012052 0.000449 0.001400
v 0.012171 0.000531 0.001400
v 0.012306 0.000583 0.001400
v 0.012450 0.000600 0.001400
v 0.012594 0.000583 0.001400
v 0.012729 0.000531 0.001400
v 0.012848 0.000449 0.001400
v 0.012944 0.000341 0.001400
v 0.013011 0.000213 0.001400
v 0.013046 0.000072 0.001400
v 0.013046 -0.000072 0.001400
v 0.013011 -0.000213 0.001400
v 0.012944 -0.000341 0.001400
v 0.012848 -0.000449 0.001400
v 0.012729 -0.000531 0.001400
v 0.012594 -0.000583 0.001400
v 0.014450 -0.000600 0.001400
v 0.014306 -0.000583 0.001400
v 0.014171 -0.000531 0.001400
v 0.014052 -0.000449 0.001400
v 0.013956 -0.000341 0.001400
v 0.013889 -0.000213 0.001400
v 0.013854 -0.000072 0.001400
v 0.013854 0.000072 0.001400
v 0.013889 0.000213 0.001400
v 0.013956 0.000341 0.001400
v 0.014052 0.000449 0.001400
v 0.014171 0.000531 0.001400
v 0.014306 0.000583 0.001400
v 0.014450 0.000600 0.001400
v 0.014594 0.000583 0.001400
v 0.014729 0.000531 0.001400
v 0.014848 0.000449 0.001400
v 0.014944 0.000341 0.001400
v 0.015011 0.000213 0.001400
v 0.015046 0.000072 0.001400
v 0.015046 -0.000072 0.001400
v 0.015011 -0.000213 0.001400
v 0.014944 -0.000341 0.001400
v 0.014848 -0.000449 0.001400
v 0.014729 -0.000531 0.001400
v 0.014594 -0.000583 0.001400
v 0.014450 0.000600 0.000000
v 0.014594 0.000583 0.000000
v 0.014729 0.000531 0.000000
v 0.014848 0.000449 0.000000
v 0.014944 0.000341 0.000000
v 0.015011 0.000213 0.000000
v 0.015046 0.000072 0.000000
v 0.015046 -0.000072 0.000000
v 0.015011 -0.000213 0.000000
v 0.014944 -0.000341 0.000000
v 0.014848 -0.000449 0.000000
v 0.014729 -0.000531 0.000000
v 0.014594 -0.000583 0.000000
v 0.014450 -0.000600 0.000000
v 0.014450 0.000600 0.001400
v 0.014594 0.000583 0.001400
v 0.014729 0.000531 0.001400
v 0.014848 0.000449 0.001400
v 0.014944 0.000341 0.001400
v 0.015011 0.000213 0.001400
v 0.015046 0.000072 0.001400
v 0.015046 -0.000072 0.001400
v 0.015011 -0.000213 0.001400
v 0.014944 -0.000341 0.001400
v 0.014848 -0.000449 0.001400
v 0.014729 -0.000531 0.001400
v 0.014594 -0.000583 0.001400
v 0.014450 -0.000600 0.001400
v 0.012450 0.000600 0.000000
v 0.012594 0.000583 0.000000
v 0.012729 0.000531 0.000000
v 0.012848 0.000449 0.000000
v 0.012944 0.000341 0.000000
v 0.013011 0.000213 0.000000
v 0.013046 0.000072 0.000000
v 0.013046 -0.000072 0.000000
v 0.013011 -0.000213 0.000000
v 0.012944 -0.000341 0.000000
v 0.012848 -0.000449 0.000000
v 0.012729 -0.000531 0.000000
v 0.012594 -0.000583 0.000000
v 0.012450 -0.000600 0.000000
v 0.012450 0.000600 0.001400
v 0.012594 0.000583 0.001400
v 0.012729 0.000531 0.001400
v 0.012848 0.000449 0.001400
v 0.012944 0.000341 0.001400
v 0.013011 0.000213 0.001400
v 0.013046 0.000072 0.001400
v 0.013046 -0.000072 0.001400
v 0.013011 -0.000213 0.001400
v 0.012944 -0.000341 0.001400
v 0.012848 -0.000449 0.001400
v 0.012729 -0.000531 0.001400
v 0.012594 -0.000583 0.001400
v 0.012450 -0.000600 0.001400
v 0.010450 0.000600 0.000000
v 0.010594 0.000583 0.000000
v 0.010729 0.000531 0.000000
v 0.010848 0.000449 0.000000
v 0.010944 0.000341 0.000000
v 0.011011 0.000213 0.000000
v 0.011046 0.000072 0.000000
v 0.011046 -0.000072 0.000000
v 0.011011 -0.000213 0.000000
v 0.010944 -0.000341 0.000000
v 0.010848 -0.000449 0.000000
v 0.010729 -0.000531 0.000000
v 0.010594 -0.000583 0.000000
v 0.010450 -0.000600 0.000000
v 0.010450 0.000600 0.001400
v 0.010594 0.000583 0.001400
v 0.010729 0.000531 0.001400
v 0.010848 0.000449 0.001400
v 0.010944 0.000341 0.001400
v 0.011011 0.000213 0.001400
v 0.011046 0.000072 0.001400
v 0.011046 -0.000072 0.001400
v 0.011011 -0.000213 0.001400
v 0.010944 -0.000341 0.001400
v 0.010848 -0.000449 0.001400
v 0.010729 -0.000531 0.001400
v 0.010594 -0.000583 0.001400
v 0.010450 -0.000600 0.001400
v 0.008450 0.000600 0.000000
v 0.008594 0.000583 0.000000
v 0.008729 0.000531 0.000000
v 0.008848 0.000449 0.000000
v 0.008944 0.000341 0.000000
v 0.009011 0.000213 0.000000
v 0.009046 0.000072 0.000000
v 0.009046 -0.000072 0.000000
v 0.009011 -0.000213 0.000000
v 0.008944 -0.000341 0.000000
v 0.008848 -0.000449 0.000000
v 0.008729 -0.000531 0.000000
v 0.008594 -0.000583 0.000000
v 0.008450 -0.000600 0.000000
v 0.008450 0.000600 0.001400
v 0.008594 0.000583 0.001400
v 0.008729 0.000531 0.001400
v 0.008848 0.000449 0.001400
v 0.008944 0.000341 0.001400
v 0.009011 0.000213 0.001400
v 0.009046 0.000072 0.001400
v 0.009046 -0.000072 0.001400
v 0.009011 -0.000213 0.001400
v 0.008944 -0.000341 0.001400
v 0.008848 -0.000449 0.001400
v 0.008729 -0.000531 0.001400
v 0.008594 -0.000583 0.001400
v 0.008450 -0.000600 0.001400
v 0.006450 0.000600 0.000000
v 0.006594 0.000583 0.000000
v 0.006729 0.000531 0.000000
v 0.006848 0.000449 0.000000
v 0.006944 0.000341 0.000000
v 0.007011 0.000213 0.000000
v 0.007046 0.000072 0.000000
v 0.007046 -0.000072 0.000000
v 0.007011 -0.000213 0.000000
v 0.006944 -0.000341 0.000000
v 0.006848 -0.000449 0.000000
v 0.006729 -0.000531 0.000000
v 0.006594 -0.000583 0.000000
v 0.006450 -0.000600 0.000000
v 0.006450 0.000600 0.001400
v 0.006594 0.000583 0.001400
v 0.006729 0.000531 0.001400
v 0.006848 0.000449 0.001400
v 0.006944 0.000341 0.001400
v 0.007011 0.000213 0.001400
v 0.007046 0.000072 0.001400
v 0.007046 -0.000072 0.001400
v 0.007011 -0.000213 0.001400
v 0.006944 -0.000341 0.001400
v 0.006848 -0.000449 0.001400
v 0.006729 -0.000531 0.001400
v 0.006594 -0.000583 0.001400
v 0.006450 -0.000600 0.001400
v 0.004450 0.000600 0.000000
v 0.004594 0.000583 0.000000
v 0.004729 0.000531 0.000000
v 0.004848 0.000449 0.000000
v 0.004944 0.000341 0.000000
v 0.005011 0.000213 0.000000
v 0.005046 0.000072 0.000000
v 0.005046 -0.000072 0.000000
v 0.005011 -0.000213 0.000000
v 0.004944 -0.000341 0.000000
v 0.004848 -0.000449 0.000000
v 0.004729 -0.000531 0.000000
v 0.004594 -0.000583 0.000000
v 0.004450 -0.000600 0.000000
v 0.004450 0.000600 0.001400
v 0.004594 0.000583 0.001400
v 0.004729 0.000531 0.001400
v 0.004848 0.000449 0.001400
v 0.004944 0.000341 0.001400
v 0.005011 0.000213 0.001400
v 0.005046 0.000072 0.001400
v 0.005046 -0.000072 0.001400
v 0.005011 -0.000213 0.001400
v 0.004944 -0.000341 0.001400
v 0.004848 -0.000449 0.001400
v 0.004729 -0.000531 0.001400
v 0.004594 -0.000583 0.001400
v 0.004450 -0.000600 0.001400
v 0.001321 0.002093 0.001800
v 0.001943 0.001533 0.001800
v 0.001533 -0.001943 0.001800
v -0.000161 -0.002470 0.001800
v -0.001728 -0.001772 0.001800
v -0.002473 0.000098 0.001800
v -0.001903 0.001582 0.001800
v -0.001582 0.001903 0.001800
v 0.000000 -0.002300 0.001000
v -0.000550 -0.002233 0.001000
v -0.001069 -0.002037 0.001000
v -0.001525 -0.001722 0.001000
v -0.001893 -0.001307 0.001000
v -0.002151 -0.000816 0.001000
v -0.002283 -0.000277 0.001000
v -0.002283 0.000277 0.001000
v -0.002151 0.000816 0.001000
v -0.001893 0.001307 0.001000
v -0.001525 0.001722 0.001000
v -0.001069 0.002037 0.001000
v -0.000550 0.002233 0.001000
v 0.000000 0.002300 0.001000
v 0.000550 0.002233 0.001000
v 0.001069 0.002037 0.001000
v 0.001525 0.001722 0.001000
v 0.001893 0.001307 0.001000
v 0.002151 0.000816 0.001000
v 0.002283 0.000277 0.001000
v 0.002283 -0.000277 0.001000
v 0.002151 -0.000816 0.001000
v 0.001893 -0.001307 0.001000
v 0.001525 -0.001722 0.001000
v 0.001069 -0.002037 0.001000
v 0.000550 -0.002233 0.001000
v 0.000000 -0.001050 0.001000
v 0.000251 -0.001019 0.001000
v 0.000488 -0.000930 0.001000
v 0.000696 -0.000786 0.001000
v 0.000864 -0.000596 0.001000
v 0.000982 -0.000372 0.001000
v 0.001042 -0.000127 0.001000
v 0.001042 0.000127 0.001000
v 0.000982 0.000372 0.001000
v 0.000864 0.000596 0.001000
v 0.000696 0.000786 0.001000
v 0.000488 0.000930 0.001000
v 0.000251 0.001019 0.001000
v 0.000000 0.001050 0.001000
v -0.000251 0.001019 0.001000
v -0.000488 0.000930 0.001000
v -0.000696 0.000786 0.001000
v -0.000864 0.000596 0.001000
v -0.000982 0.000372 0.001000
v -0.001042 0.000127 0.001000
v -0.001042 -0.000127 0.001000
v -0.000982 -0.000372 0.001000
v -0.000864 -0.000596 0.001000
v -0.000696 -0.000786 0.001000
v -0.000488 -0.000930 0.001000
v -0.000251 -0.001019 0.001000
v 0.000000 0.002300 0.000000
v 0.000550 0.002233 0.000000
v 0.001069 0.002037 0.000000
v 0.001525 0.001722 0.000000
v 0.001893 0.001307 0.000000
v 0.002151 0.000816 0.000000
v 0.002283 0.000277 0.000000
v 0.002283 -0.000277 0.000000
v 0.002151 -0.000816 0.000000
v 0.001893 -0.001307 0.000000
v 0.001525 -0.001722 0.000000
v 0.001069 -0.002037 0.000000
v 0.000550 -0.002233 0.000000
v 0.000000 -0.002300 0.000000
v 0.000000 0.002300 0.001000
v 0.000550 0.002233 0.001000
v 0.001069 0.002037 0.001000
v 0.001525 0.001722 0.001000
v 0.001893 0.001307 0.001000
v 0.002151 0.000816 0.001000
v 0.002283 0.000277 0.001000
v 0.002283 -0.000277 0.001000
v 0.002151 -0.000816 0.001000
v 0.001893 -0.001307 0.001000
v 0.001525 -0.001722 0.001000
v 0.001069 -0.002037 0.001000
v 0.000550 -0.002233 0.001000
v 0.000000 -0.002300 0.001000
v 0.000000 -0.001050 0.001000
v 0.000251 -0.001019 0.001000
v 0.000488 -0.000930 0.001000
v 0.000696 -0.000786 0.001000
v 0.000864 -0.000596 0.001000
v 0.000982 -0.000372 0.001000
v 0.001042 -0.000127 0.001000
v 0.001042 0.000127 0.001000
v 0.000982 0.000372 0.001000
v 0.000864 0.000596 0.001000
v 0.000696 0.000786 0.001000
v 0.000488 0.000930 0.001000
v 0.000251 0.001019 0.001000
v 0.000000 0.001050 0.001000
v 0.000000 0.001050 0.001800
v 0.000251 0.001019 0.001800
v 0.000488 0.000930 0.001800
v 0.000696 0.000786 0.001800
v 0.000864 0.000596 0.001800
v 0.000982 0.000372 0.001800
v 0.001042 0.000127 0.001800
v 0.001042 -0.000127 0.001800
v 0.000982 -0.000372 0.001800
v 0.000864 -0.000596 0.001800
v 0.000696 -0.000786 0.001800
v 0.000488 -0.000930 0.001800
v 0.000251 -0.001019 0.001800
v 0.000000 -0.001050 0.001800
v 0.000000 0.002250 0.000500
v 0.000000 0.002852 0.001814
v 0.000683 0.002770 0.001814
v 0.001326 0.002526 0.001814
v 0.001892 0.002135 0.001814
v 0.002348 0.001620 0.001814
v 0.002667 0.001011 0.001814
v 0.002832 0.000344 0.001814
v 0.002832 -0.000344 0.001814
v 0.002667 -0.001011 0.001814
v 0.002348 -0.001620 0.001814
v 0.001892 -0.002135 0.001814
v 0.001326 -0.002526 0.001814
v 0.000683 -0.002770 0.001814
v 0.000000 -0.002852 0.001814
v 0.000000 -0.002250 0.000500
v 0.000000 0.002250 0.000500
v 0.000000 0.002852 0.001814
v -0.000683 0.002770 0.001814
v -0.001326 0.002526 0.001814
v -0.001892 0.002135 0.001814
v -0.002348 0.001620 0.001814
v -0.002667 0.001011 0.001814
v -0.002832 0.000344 0.001814
v -0.002832 -0.000344 0.001814
v -0.002667 -0.001011 0.001814
v -0.002348 -0.001620 0.001814
v -0.001892 -0.002135 0.001814
v -0.001326 -0.002526 0.001814
v -0.000683 -0.002770 0.001814
v 0.000000 -0.002852 0.001814
v 0.000000 -0.002250 0.000500
v 0.000000 0.002850 0.003802
v 0.000682 0.002767 0.003802
v 0.001324 0.002524 0.003802
v 0.001890 0.002133 0.003802
v 0.002346 0.001619 0.003802
v 0.002665 0.001011 0.003802
v 0.002829 0.000344 0.003802
v 0.002829 -0.000344 0.003802
v 0.002665 -0.001011 0.003802
v 0.002346 -0.001619 0.003802
v 0.001890 -0.002133 0.003802
v 0.001324 -0.002524 0.003802
v 0.000682 -0.002767 0.003802
v 0.000000 -0.002850 0.003802
v 0.000000 -0.002850 0.000250
v 0.000000 0.002850 0.000250
v 0.000000 0.002850 0.000250
v 0.000000 0.002850 0.003802
v -0.000682 0.002767 0.003802
v -0.001324 0.002524 0.003802
v -0.001890 0.002133 0.003802
v -0.002346 0.001619 0.003802
v -0.002665 0.001011 0.003802
v -0.002829 0.000344 0.003802
v -0.002829 -0.000344 0.003802
v -0.002665 -0.001011 0.003802
v -0.002346 -0.001619 0.003802
v -0.001890 -0.002133 0.003802
v -0.001324 -0.002524 0.003802
v -0.000682 -0.002767 0.003802
v 0.000000 -0.002850 0.003802
v 0.000000 -0.002850 0.000250
vn 0.0002 1.0000 -0.0000
vn 0.2393 0.9709 -0.0000
vn 0.4647 0.8855 -0.0000
vn 0.6631 0.7485 -0.0000
vn 0.8230 0.5681 -0.0000
vn 0.9350 0.3546 -0.0000
vn 0.9927 0.1205 -0.0000
vn 0.9927 -0.1205 -0.0000
vn 0.9350 -0.3546 -0.0000
vn 0.8230 -0.5681 -0.0000
vn 0.6631 -0.7485 -0.0000
vn 0.4647 -0.8855 -0.0000
vn 0.2393 -0.9709 -0.0000
vn 0.0002 -1.0000 -0.0000
vn 0.2295 0.9733 -0.0000
vn 0.2393 0.9710 0.0002
vn 0.4469 0.8946 -0.0000
vn 0.4647 0.8855 0.0001
vn 0.6403 0.7681 -0.0000
vn 0.6402 0.7682 -0.0000
vn 0.7919 0.6107 -0.0000
vn 0.9056 0.4241 -0.0000
vn 0.9761 0.2172 -0.0000
vn 1.0000 -0.0000 -0.0000
vn 0.9761 -0.2172 -0.0000
vn 0.9056 -0.4241 -0.0000
vn 0.7919 -0.6107 -0.0000
vn 0.6403 -0.7681 -0.0000
vn 0.4468 -0.8946 0.0001
vn 0.2392 -0.9710 0.0003
vn 0.6402 -0.7682 -0.0000
vn 0.2295 -0.9733 -0.0000
vn -0.0000 -0.0000 1.0000
vn -0.2295 -0.9733 -0.0000
vn -0.0002 -1.0000 -0.0000
vn -0.2393 -0.9710 0.0002
vn -0.4469 -0.8946 -0.0000
vn -0.4647 -0.8855 0.0001
vn -0.6403 -0.7681 -0.0000
vn -0.6631 -0.7485 -0.0000
vn -0.6402 -0.7682 -0.0000
vn -0.7919 -0.6107 -0.0000
vn -0.8230 -0.5681 -0.0000
vn -0.9056 -0.4241 -0.0000
vn -0.9350 -0.3546 -0.0000
vn -0.9761 -0.2172 -0.0000
vn -0.9927 -0.1205 -0.0000
vn -1.0000 -0.0000 -0.0000
vn -0.9927 0.1205 -0.0000
vn -0.9761 0.2172 -0.0000
vn -0.9350 0.3546 -0.0000
vn -0.9056 0.4241 -0.0000
vn -0.8230 0.5681 -0.0000
vn -0.7919 0.6107 -0.0000
vn -0.6631 0.7485 -0.0000
vn -0.6403 0.7681 -0.0000
vn -0.4647 0.8855 -0.0000
vn -0.4468 0.8946 0.0001
vn -0.2392 0.9710 0.0003
vn -0.6402 0.7682 -0.0000
vn -0.2295 0.9733 -0.0000
vn -0.0002 1.0000 -0.0000
vn -0.0546 0.9985 -0.0000
vn -0.2839 -0.9589 -0.0000
vn -0.0547 -0.9985 -0.0000
vn -0.4978 -0.8673 -0.0000
vn -0.6848 -0.7287 -0.0000
vn -0.8347 -0.5507 -0.0000
vn -0.9394 -0.3428 -0.0000
vn -0.9932 -0.1164 -0.0000
vn -0.9932 0.1164 -0.0000
vn -0.9394 0.3428 -0.0000
vn -0.8347 0.5507 -0.0000
vn -0.6848 0.7287 -0.0000
vn -0.4978 0.8673 -0.0000
vn -0.2839 0.9589 -0.0000
vn -0.0547 0.9985 -0.0000
vn -0.0546 -0.9985 -0.0000
vn -0.0000 -0.0000 -1.0000
vn -0.2393 -0.9709 -0.0000
vn -0.4647 -0.8855 -0.0000
vn -0.2393 0.9709 -0.0000
vn 0.0546 -0.9985 -0.0000
vn 0.2839 0.9589 -0.0000
vn 0.0547 0.9985 -0.0000
vn 0.4978 0.8673 -0.0000
vn 0.6848 0.7287 -0.0000
vn 0.8347 0.5507 -0.0000
vn 0.9394 0.3428 -0.0000
vn 0.9932 0.1164 -0.0000
vn 0.9932 -0.1164 -0.0000
vn 0.9394 -0.3428 -0.0000
vn 0.8347 -0.5507 -0.0000
vn 0.6848 -0.7287 -0.0000
vn 0.4978 -0.8673 -0.0000
vn 0.2839 -0.9589 -0.0000
vn 0.0547 -0.9985 -0.0000
vn 0.0546 0.9985 -0.0000
vn 0.9927 -0.1111 0.0463
vn 0.9928 0.0155 0.1186
vn 0.9927 -0.0000 -0.1204
vn 0.9927 -0.0000 0.1204
vn -0.1185 -0.0223 0.9927
vn 0.0019 -0.0083 1.0000
vn 0.0010 -0.0078 1.0000
vn 0.0009 0.1126 0.9936
vn 0.0028 -0.0074 1.0000
vn 0.0053 -0.0080 1.0000
vn 0.0045 -0.0065 1.0000
vn 0.0092 -0.0067 0.9999
vn 0.0059 -0.0052 1.0000
vn 0.0122 -0.0042 0.9999
vn 0.0070 -0.0037 1.0000
vn 0.0140 -0.0009 0.9999
vn 0.0077 -0.0019 1.0000
vn 0.0143 0.0028 0.9999
vn 0.0079 -0.0000 1.0000
vn 0.0133 0.0061 0.9999
vn 0.0077 0.0019 1.0000
vn 0.0113 0.0085 0.9999
vn 0.0070 0.0037 1.0000
vn 0.0087 0.0098 0.9999
vn 0.0059 0.0052 1.0000
vn 0.0062 0.0099 0.9999
vn 0.0045 0.0065 1.0000
vn 0.0042 0.0091 1.0000
vn 0.0028 0.0074 1.0000
vn 0.0024 0.0084 1.0000
vn 0.0010 0.0078 1.0000
vn -0.0096 -0.1114 0.9937
vn 0.0009 -0.1126 0.9936
vn 0.9927 0.1204 -0.0010
vn 0.9933 0.0456 -0.1060
vn -0.9933 -0.1144 0.0151
vn -0.9927 -0.0000 -0.1204
vn -0.9928 -0.0006 0.1197
vn -0.9933 -0.0300 -0.1114
vn -0.1191 0.0091 0.9928
vn 0.0004 0.0034 1.0000
vn -0.0006 0.0029 1.0000
vn 0.0110 0.1226 0.9924
vn 0.0023 0.0037 1.0000
vn 0.0012 0.0032 1.0000
vn -0.0013 0.0026 1.0000
vn 0.0017 0.0021 1.0000
vn 0.0046 0.0031 1.0000
vn 0.0020 0.0029 1.0000
vn -0.0027 0.0026 1.0000
vn 0.0023 0.0003 1.0000
vn 0.0073 0.0019 1.0000
vn 0.0026 0.0023 1.0000
vn -0.0037 0.0033 1.0000
vn 0.0023 -0.0023 1.0000
vn 0.0092 -0.0002 1.0000
vn 0.0031 0.0016 1.0000
vn -0.0039 0.0044 1.0000
vn 0.0013 -0.0045 1.0000
vn 0.0100 -0.0028 0.9999
vn 0.0034 0.0008 1.0000
vn -0.0033 0.0055 1.0000
vn -0.0002 -0.0058 1.0000
vn 0.0095 -0.0054 0.9999
vn 0.0035 -0.0000 1.0000
vn -0.0020 0.0061 1.0000
vn -0.0020 -0.0061 1.0000
vn 0.0080 -0.0075 0.9999
vn 0.0034 -0.0008 1.0000
vn -0.0003 0.0058 1.0000
vn -0.0033 -0.0055 1.0000
vn 0.0059 -0.0086 0.9999
vn 0.0031 -0.0016 1.0000
vn 0.0013 0.0045 1.0000
vn -0.0039 -0.0044 1.0000
vn 0.0036 -0.0086 1.0000
vn 0.0026 -0.0023 1.0000
vn 0.0023 0.0024 1.0000
vn -0.0037 -0.0033 1.0000
vn 0.0018 -0.0075 1.0000
vn 0.0020 -0.0029 1.0000
vn 0.0023 -0.0002 1.0000
vn -0.0027 -0.0026 1.0000
vn 0.0007 -0.0058 1.0000
vn 0.0012 -0.0032 1.0000
vn 0.0016 -0.0022 1.0000
vn -0.0012 -0.0026 1.0000
vn -0.0001 -0.0044 1.0000
vn 0.0004 -0.1238 0.9923
vn 0.0110 -0.1226 0.9924
vn -0.0005 -0.0029 1.0000
vn -0.9928 0.1197 -0.0008
vn -0.9927 -0.0000 0.1204
vn -0.9933 0.0300 -0.1114
vn -0.9928 0.0006 0.1197
vn -0.9927 0.1111 0.0463
vn -0.9928 -0.0155 0.1186
vn -0.0010 0.0078 1.0000
vn -0.0009 -0.1126 0.9936
vn 0.1185 0.0223 0.9927
vn -0.0020 0.0084 1.0000
vn -0.0028 0.0074 1.0000
vn -0.0053 0.0080 1.0000
vn -0.0045 0.0065 1.0000
vn -0.0092 0.0067 0.9999
vn -0.0059 0.0052 1.0000
vn -0.0122 0.0042 0.9999
vn -0.0070 0.0037 1.0000
vn -0.0140 0.0009 0.9999
vn -0.0077 0.0019 1.0000
vn -0.0143 -0.0028 0.9999
vn -0.0079 -0.0000 1.0000
vn -0.0133 -0.0061 0.9999
vn -0.0077 -0.0019 1.0000
vn -0.0113 -0.0085 0.9999
vn -0.0070 -0.0037 1.0000
vn -0.0087 -0.0098 0.9999
vn -0.0059 -0.0052 1.0000
vn -0.0062 -0.0099 0.9999
vn -0.0045 -0.0065 1.0000
vn -0.0042 -0.0091 1.0000
vn -0.0028 -0.0074 1.0000
vn -0.0024 -0.0085 1.0000
vn -0.0009 0.1126 0.9936
vn -0.0010 -0.0078 1.0000
vn 0.0096 0.1114 0.9937
vn -0.9927 -0.1204 -0.0010
vn -0.9933 -0.0456 -0.1060
vn 0.9933 0.0300 -0.1114
vn 0.9933 0.1054 0.0469
vn 0.9927 0.0502 -0.1094
vn 0.1205 0.9927 -0.0012
vn 0.1188 0.9858 0.1184
vn 0.2384 0.9712 -0.0003
vn 0.3546 0.9350 -0.0012
vn 0.3539 0.9353 -0.0021
vn 0.3538 0.9353 -0.0005
vn 0.5681 0.8230 -0.0012
vn 0.5668 0.8238 -0.0032
vn 0.5664 0.8241 0.0003
vn 0.7485 0.6631 -0.0012
vn 0.7465 0.6654 -0.0048
vn 0.7461 0.6658 0.0018
vn 0.8855 0.4647 -0.0012
vn 0.8834 0.4685 -0.0059
vn 0.8833 0.4689 0.0031
vn 0.9709 0.2393 -0.0012
vn 0.9697 0.2444 -0.0066
vn 0.9696 0.2446 0.0040
vn 1.0000 -0.0000 -0.0012
vn 1.0000 0.0057 -0.0070
vn 1.0000 0.0058 0.0045
vn 0.9709 -0.2393 -0.0012
vn 0.9723 -0.2337 -0.0069
vn 0.9723 -0.2337 0.0046
vn 0.8855 -0.4647 -0.0012
vn 0.8879 -0.4599 -0.0064
vn 0.8879 -0.4601 0.0042
vn 0.7485 -0.6631 -0.0012
vn 0.7516 -0.6596 -0.0055
vn 0.7514 -0.6599 0.0035
vn 0.5681 -0.8230 -0.0012
vn 0.5710 -0.8210 -0.0042
vn 0.5706 -0.8212 0.0024
vn 0.3546 -0.9350 -0.0012
vn 0.3566 -0.9343 -0.0028
vn 0.3560 -0.9345 0.0008
vn 0.0002 -1.0000 -0.0012
vn 0.1214 -0.9926 -0.0019
vn 0.1212 -0.9926 -0.0004
vn 0.1197 -0.9856 0.1192
vn -0.1212 0.9926 -0.0004
vn -0.1197 0.9856 0.1192
vn -0.0002 1.0000 -0.0012
vn -0.1214 0.9926 -0.0019
vn -0.3560 0.9345 0.0008
vn -0.3546 0.9350 -0.0012
vn -0.3566 0.9343 -0.0028
vn -0.5706 0.8212 0.0024
vn -0.5681 0.8230 -0.0012
vn -0.5710 0.8210 -0.0042
vn -0.7514 0.6599 0.0035
vn -0.7485 0.6631 -0.0012
vn -0.7516 0.6596 -0.0055
vn -0.8879 0.4601 0.0042
vn -0.8855 0.4647 -0.0012
vn -0.8879 0.4599 -0.0064
vn -0.9723 0.2337 0.0046
vn -0.9709 0.2393 -0.0012
vn -0.9723 0.2337 -0.0069
vn -1.0000 -0.0058 0.0045
vn -1.0000 -0.0000 -0.0012
vn -1.0000 -0.0057 -0.0070
vn -0.9696 -0.2446 0.0040
vn -0.9709 -0.2393 -0.0012
vn -0.9697 -0.2444 -0.0066
vn -0.8833 -0.4689 0.0031
vn -0.8855 -0.4647 -0.0012
vn -0.8834 -0.4685 -0.0059
vn -0.7461 -0.6658 0.0018
vn -0.7485 -0.6631 -0.0012
vn -0.7465 -0.6654 -0.0048
vn -0.5664 -0.8241 0.0003
vn -0.5681 -0.8230 -0.0012
vn -0.5668 -0.8238 -0.0032
vn -0.3538 -0.9353 -0.0005
vn -0.3546 -0.9350 -0.0012
vn -0.3539 -0.9353 -0.0021
vn -0.2384 -0.9712 -0.0003
vn -0.1205 -0.9927 -0.0012
vn -0.1188 -0.9858 0.1184
vn -0.9933 -0.1054 0.0469
vn -0.9927 -0.0502 -0.1094
vn 0.9933 -0.0300 -0.1114
vn 0.9928 -0.0006 0.1197
vn 0.9928 -0.1197 -0.0008
vn -0.0110 0.1226 0.9924
vn 0.0005 0.0029 1.0000
vn 0.0001 0.0044 1.0000
vn -0.0004 0.1238 0.9923
vn -0.0016 0.0022 1.0000
vn 0.0012 0.0026 1.0000
vn -0.0007 0.0058 1.0000
vn -0.0012 0.0032 1.0000
vn -0.0023 0.0002 1.0000
vn 0.0027 0.0026 1.0000
vn -0.0018 0.0075 1.0000
vn -0.0020 0.0029 1.0000
vn -0.0023 -0.0024 1.0000
vn 0.0037 0.0033 1.0000
vn -0.0036 0.0086 1.0000
vn -0.0026 0.0023 1.0000
vn -0.0013 -0.0045 1.0000
vn 0.0039 0.0044 1.0000
vn -0.0059 0.0086 0.9999
vn -0.0031 0.0016 1.0000
vn 0.0003 -0.0058 1.0000
vn 0.0033 0.0055 1.0000
vn -0.0080 0.0075 0.9999
vn -0.0034 0.0008 1.0000
vn 0.0020 -0.0061 1.0000
vn 0.0020 0.0061 1.0000
vn -0.0095 0.0054 0.9999
vn -0.0035 -0.0000 1.0000
vn 0.0033 -0.0055 1.0000
vn 0.0002 0.0058 1.0000
vn -0.0100 0.0028 0.9999
vn -0.0034 -0.0008 1.0000
vn 0.0039 -0.0044 1.0000
vn -0.0013 0.0045 1.0000
vn -0.0092 0.0002 1.0000
vn -0.0031 -0.0016 1.0000
vn 0.0037 -0.0033 1.0000
vn -0.0023 0.0023 1.0000
vn -0.0073 -0.0019 1.0000
vn -0.0026 -0.0023 1.0000
vn 0.0027 -0.0026 1.0000
vn -0.0023 -0.0003 1.0000
vn -0.0046 -0.0031 1.0000
vn -0.0020 -0.0029 1.0000
vn 0.0013 -0.0026 1.0000
vn -0.0017 -0.0021 1.0000
vn -0.0023 -0.0037 1.0000
vn -0.0012 -0.0032 1.0000
vn 0.0006 -0.0029 1.0000
vn -0.0110 -0.1226 0.9924
vn 0.1191 -0.0091 0.9928
vn -0.0004 -0.0034 1.0000
vn 0.9928 0.0006 0.1197
vn 0.9933 0.1144 0.0151
s 1
usemtl mat_0.001
f 15//1 17//2 16//1
f 14//2 18//3 17//2
f 14//2 17//2 15//1
f 13//3 19//4 18//3
f 13//3 18//3 14//2
f 12//4 20//5 19//4
f 12//4 19//4 13//3
f 11//5 21//6 20//5
f 11//5 20//5 12//4
f 10//6 22//7 21//6
f 10//6 21//6 11//5
f 9//7 23//8 22//7
f 9//7 22//7 10//6
f 8//8 24//9 23//8
f 8//8 23//8 9//7
f 7//9 25//10 24//9
f 7//9 24//9 8//8
f 6//10 26//11 25//10
f 6//10 25//10 7//9
f 5//11 27//12 26//11
f 5//11 26//11 6//10
f 4//12 27//12 5//11
f 3//13 28//13 27//12
f 3//13 1//14 28//13
f 3//13 27//12 4//12
f 2//14 1//14 3//13
f 32//2 44//1 31//1
f 32//2 45//2 44//1
f 33//3 46//3 45//2
f 33//3 45//2 32//2
f 34//4 47//4 46//3
f 34//4 46//3 33//3
f 35//5 48//5 47//4
f 35//5 47//4 34//4
f 36//6 49//6 48//5
f 36//6 48//5 35//5
f 37//7 50//7 49//6
f 37//7 49//6 36//6
f 38//8 51//8 50//7
f 38//8 50//7 37//7
f 39//9 52//9 51//8
f 39//9 51//8 38//8
f 40//10 53//10 52//9
f 40//10 52//9 39//9
f 41//11 54//11 53//10
f 41//11 53//10 40//10
f 42//12 55//12 54//11
f 42//12 54//11 41//11
f 43//13 56//13 55//12
f 43//13 55//12 42//12
f 30//14 29//14 56//13
f 30//14 56//13 43//13
f 60//2 72//1 59//1
f 60//2 73//2 72//1
f 61//3 74//3 73//2
f 61//3 73//2 60//2
f 62//4 75//4 74//3
f 62//4 74//3 61//3
f 63//5 76//5 75//4
f 63//5 75//4 62//4
f 64//6 77//6 76//5
f 64//6 78//7 77//6
f 64//6 76//5 63//5
f 65//7 78//7 64//6
f 66//8 79//8 78//7
f 66//8 78//7 65//7
f 67//9 80//9 79//8
f 67//9 79//8 66//8
f 68//10 81//10 80//9
f 68//10 80//9 67//9
f 69//11 82//11 81//10
f 69//11 83//12 82//11
f 69//11 81//10 68//10
f 70//12 83//12 69//11
f 71//13 84//13 83//12
f 71//13 83//12 70//12
f 58//14 57//14 84//13
f 58//14 84//13 71//13
f 88//2 100//1 87//1
f 88//2 101//2 100//1
f 89//3 102//3 101//2
f 89//3 101//2 88//2
f 90//4 103//4 102//3
f 90//4 102//3 89//3
f 91//5 104//5 103//4
f 91//5 103//4 90//4
f 92//6 105//6 104//5
f 92//6 106//7 105//6
f 92//6 104//5 91//5
f 93//7 106//7 92//6
f 94//8 107//8 106//7
f 94//8 106//7 93//7
f 95//9 108//9 107//8
f 95//9 107//8 94//8
f 96//10 109//10 108//9
f 96//10 108//9 95//9
f 97//11 110//11 109//10
f 97//11 111//12 110//11
f 97//11 109//10 96//10
f 98//12 111//12 97//11
f 99//13 112//13 111//12
f 99//13 111//12 98//12
f 86//14 85//14 112//13
f 86//14 112//13 99//13
f 116//2 128//1 115//1
f 116//2 129//2 128//1
f 117//3 130//3 129//2
f 117//3 129//2 116//2
f 118//4 131//4 130//3
f 118//4 130//3 117//3
f 119//5 132//5 131//4
f 119//5 131//4 118//4
f 120//6 133//6 132//5
f 120//6 134//7 133//6
f 120//6 132//5 119//5
f 121//7 134//7 120//6
f 122//8 135//8 134//7
f 122//8 134//7 121//7
f 123//9 136//9 135//8
f 123//9 135//8 122//8
f 124//10 137//10 136//9
f 124//10 136//9 123//9
f 125//11 138//11 137//10
f 125//11 139//12 138//11
f 125//11 137//10 124//10
f 126//12 139//12 125//11
f 127//13 140//13 139//12
f 127//13 139//12 126//12
f 114//14 113//14 140//13
f 114//14 140//13 127//13
f 144//2 156//1 143//1
f 144//2 157//2 156//1
f 145//3 158//3 157//2
f 145//3 157//2 144//2
f 146//4 159//4 158//3
f 146//4 158//3 145//3
f 147//5 160//5 159//4
f 147//5 159//4 146//4
f 148//6 161//6 160//5
f 148//6 162//7 161//6
f 148//6 160//5 147//5
f 149//7 162//7 148//6
f 150//8 163//8 162//7
f 150//8 162//7 149//7
f 151//9 164//9 163//8
f 151//9 163//8 150//8
f 152//10 165//10 164//9
f 152//10 164//9 151//9
f 153//11 166//11 165//10
f 153//11 167//12 166//11
f 153//11 165//10 152//10
f 154//12 167//12 153//11
f 155//13 168//13 167//12
f 155//13 167//12 154//12
f 142//14 141//14 168//13
f 142//14 168//13 155//13
f 172//2 184//1 171//1
f 172//2 185//2 184//1
f 173//3 186//3 185//2
f 173//3 185//2 172//2
f 174//4 187//4 186//3
f 174//4 186//3 173//3
f 175//5 188//5 187//4
f 175//5 187//4 174//4
f 176//6 189//6 188//5
f 176//6 190//7 189//6
f 176//6 188//5 175//5
f 177//7 190//7 176//6
f 178//8 191//8 190//7
f 178//8 190//7 177//7
f 179//9 192//9 191//8
f 179//9 191//8 178//8
f 180//10 193//10 192//9
f 180//10 192//9 179//9
f 181//11 194//11 193//10
f 181//11 195//12 194//11
f 181//11 193//10 180//10
f 182//12 195//12 181//11
f 183//13 196//13 195//12
f 183//13 195//12 182//12
f 170//14 169//14 196//13
f 170//14 196//13 183//13
f 200//2 212//1 199//1
f 200//2 213//2 212//1
f 201//3 214//3 213//2
f 201//3 213//2 200//2
f 202//4 215//4 214//3
f 202//4 214//3 201//3
f 203//5 216//5 215//4
f 203//5 215//4 202//4
f 204//6 217//6 216//5
f 204//6 218//7 217//6
f 204//6 216//5 203//5
f 205//7 218//7 204//6
f 206//8 219//8 218//7
f 206//8 218//7 205//7
f 207//9 220//9 219//8
f 207//9 219//8 206//8
f 208//10 221//10 220//9
f 208//10 220//9 207//9
f 209//11 222//11 221//10
f 209//11 223//12 222//11
f 209//11 221//10 208//10
f 210//12 223//12 209//11
f 211//13 224//13 223//12
f 211//13 223//12 210//12
f 198//14 197//14 224//13
f 198//14 224//13 211//13
f 228//2 240//1 227//1
f 228//2 241//2 240//1
f 229//3 242//3 241//2
f 229//3 241//2 228//2
f 230//4 243//4 242//3
f 230//4 242//3 229//3
f 231//5 244//5 243//4
f 231//5 243//4 230//4
f 232//6 245//6 244//5
f 232//6 246//7 245//6
f 232//6 244//5 231//5
f 233//7 246//7 232//6
f 234//8 247//8 246//7
f 234//8 246//7 233//7
f 235//9 248//9 247//8
f 235//9 247//8 234//8
f 236//10 249//10 248//9
f 236//10 248//9 235//9
f 237//11 250//11 249//10
f 237//11 251//12 250//11
f 237//11 249//10 236//10
f 238//12 251//12 237//11
f 239//13 252//13 251//12
f 239//13 251//12 238//12
f 226//14 225//14 252//13
f 226//14 252//13 239//13
f 256//2 268//1 255//1
f 256//2 269//2 268//1
f 257//3 270//3 269//2
f 257//3 269//2 256//2
f 258//4 271//4 270//3
f 258//4 270//3 257//3
f 259//5 272//5 271//4
f 259//5 271//4 258//4
f 260//6 273//6 272//5
f 260//6 274//7 273//6
f 260//6 272//5 259//5
f 261//7 274//7 260//6
f 262//8 275//8 274//7
f 262//8 274//7 261//7
f 263//9 276//9 275//8
f 263//9 275//8 262//8
f 264//10 277//10 276//9
f 264//10 276//9 263//9
f 265//11 278//11 277//10
f 265//11 279//12 278//11
f 265//11 277//10 264//10
f 266//12 279//12 265//11
f 267//13 280//13 279//12
f 267//13 279//12 266//12
f 254//14 253//14 280//13
f 254//14 280//13 267//13
f 284//2 296//1 283//1
f 284//2 297//2 296//1
f 285//3 298//3 297//2
f 285//3 297//2 284//2
f 286//4 299//4 298//3
f 286//4 298//3 285//3
f 287//5 300//5 299//4
f 287//5 299//4 286//4
f 288//6 301//6 300//5
f 288//6 302//7 301//6
f 288//6 300//5 287//5
f 289//7 302//7 288//6
f 290//8 303//8 302//7
f 290//8 302//7 289//7
f 291//9 304//9 303//8
f 291//9 303//8 290//8
f 292//10 305//10 304//9
f 292//10 304//9 291//9
f 293//11 306//11 305//10
f 293//11 307//12 306//11
f 293//11 305//10 292//10
f 294//12 307//12 293//11
f 295//13 308//13 307//12
f 295//13 307//12 294//12
f 282//14 281//14 308//13
f 282//14 308//13 295//13
f 312//2 324//1 311//1
f 312//2 325//2 324//1
f 313//3 326//3 325//2
f 313//3 325//2 312//2
f 314//4 327//4 326//3
f 314//4 326//3 313//3
f 315//5 328//5 327//4
f 315//5 327//4 314//4
f 316//6 329//6 328//5
f 316//6 330//7 329//6
f 316//6 328//5 315//5
f 317//7 330//7 316//6
f 318//8 331//8 330//7
f 318//8 330//7 317//7
f 319//9 332//9 331//8
f 319//9 331//8 318//8
f 320//10 333//10 332//9
f 320//10 332//9 319//9
f 321//11 334//11 333//10
f 321//11 335//12 334//11
f 321//11 333//10 320//10
f 322//12 335//12 321//11
f 323//13 336//13 335//12
f 323//13 335//12 322//12
f 310//14 309//14 336//13
f 310//14 336//13 323//13
f 340//2 352//1 339//1
f 340//2 353//2 352//1
f 341//3 354//3 353//2
f 341//3 353//2 340//2
f 342//4 355//4 354//3
f 342//4 354//3 341//3
f 343//5 356//5 355//4
f 343//5 355//4 342//4
f 344//6 357//6 356//5
f 344//6 358//7 357//6
f 344//6 356//5 343//5
f 345//7 358//7 344//6
f 346//8 359//8 358//7
f 346//8 358//7 345//7
f 347//9 360//9 359//8
f 347//9 359//8 346//8
f 348//10 361//10 360//9
f 348//10 360//9 347//9
f 349//11 362//11 361//10
f 349//11 363//12 362//11
f 349//11 361//10 348//10
f 350//12 363//12 349//11
f 351//13 364//13 363//12
f 351//13 363//12 350//12
f 338//14 337//14 364//13
f 338//14 364//13 351//13
f 368//2 380//1 367//1
f 368//2 381//2 380//1
f 369//3 382//3 381//2
f 369//3 381//2 368//2
f 370//4 383//4 382//3
f 370//4 382//3 369//3
f 371//5 384//5 383//4
f 371//5 383//4 370//4
f 372//6 385//6 384//5
f 372//6 386//7 385//6
f 372//6 384//5 371//5
f 373//7 386//7 372//6
f 374//8 387//8 386//7
f 374//8 386//7 373//7
f 375//9 388//9 387//8
f 375//9 387//8 374//8
f 376//10 389//10 388//9
f 376//10 388//9 375//9
f 377//11 390//11 389//10
f 377//11 391//12 390//11
f 377//11 389//10 376//10
f 378//12 391//12 377//11
f 379//13 392//13 391//12
f 379//13 391//12 378//12
f 366//14 365//14 392//13
f 366//14 392//13 379//13
f 422//15 393//1 394//16
f 422//15 421//1 393//1
f 423//17 394//16 395//18
f 423//17 422//15 394//16
f 419//19 395//18 396//4
f 419//19 423//17 395//18
f 420//20 423//17 419//19
f 418//21 396//4 397//5
f 418//21 419//19 396//4
f 417//22 397//5 398//6
f 417//22 418//21 397//5
f 416//23 398//6 399//7
f 416//23 417//22 398//6
f 415//24 399//7 400//8
f 415//24 416//23 399//7
f 414//25 400//8 401//9
f 414//25 415//24 400//8
f 413//26 401//9 402//10
f 413//26 414//25 401//9
f 412//27 402//10 403//11
f 412//27 413//26 402//10
f 411//28 403//11 404//12
f 411//28 412//27 403//11
f 409//29 404//12 405//30
f 409//29 408//31 411//28
f 409//29 411//28 404//12
f 410//32 405//30 406//14
f 410//32 409//29 405//30
f 407//14 410//32 406//14
s 0
f 476//33 429//33 428//33
f 477//33 430//33 429//33
f 477//33 429//33 476//33
f 475//33 428//33 427//33
f 475//33 476//33 428//33
f 478//33 431//33 430//33
f 478//33 430//33 477//33
f 474//33 475//33 427//33
f 479//33 431//33 478//33
f 473//33 474//33 427//33
f 473//33 427//33 426//33
f 480//33 431//33 479//33
f 480//33 432//33 431//33
f 498//33 426//33 425//33
f 498//33 473//33 426//33
f 481//33 432//33 480//33
f 481//33 433//33 432//33
f 497//33 498//33 425//33
f 482//33 433//33 481//33
f 482//33 434//33 433//33
f 496//33 497//33 425//33
f 483//33 434//33 482//33
f 435//33 434//33 483//33
f 435//33 483//33 484//33
f 436//33 435//33 484//33
f 436//33 484//33 485//33
f 436//33 485//33 486//33
f 450//33 496//33 425//33
f 451//33 496//33 450//33
f 451//33 495//33 496//33
f 449//33 450//33 425//33
f 452//33 495//33 451//33
f 452//33 494//33 495//33
f 448//33 449//33 425//33
f 453//33 494//33 452//33
f 453//33 493//33 494//33
f 447//33 448//33 425//33
f 454//33 492//33 493//33
f 454//33 493//33 453//33
f 472//33 447//33 425//33
f 455//33 491//33 492//33
f 455//33 492//33 454//33
f 437//33 436//33 486//33
f 437//33 486//33 487//33
f 456//33 491//33 455//33
f 456//33 490//33 491//33
f 457//33 490//33 456//33
f 457//33 489//33 490//33
f 438//33 457//33 458//33
f 438//33 437//33 487//33
f 438//33 487//33 488//33
f 438//33 488//33 489//33
f 438//33 489//33 457//33
f 459//33 438//33 458//33
f 460//33 438//33 459//33
f 461//33 438//33 460//33
f 503//33 468//33 469//33
f 503//33 469//33 470//33
f 503//33 470//33 502//33
f 501//33 470//33 471//33
f 501//33 502//33 470//33
f 504//33 467//33 468//33
f 504//33 468//33 503//33
f 500//33 471//33 472//33
f 500//33 472//33 425//33
f 500//33 501//33 471//33
f 505//33 467//33 504//33
f 505//33 466//33 467//33
f 499//33 500//33 425//33
f 506//33 466//33 505//33
f 507//33 465//33 466//33
f 507//33 466//33 506//33
f 508//33 465//33 507//33
f 508//33 464//33 465//33
f 509//33 464//33 508//33
f 509//33 463//33 464//33
f 510//33 462//33 463//33
f 510//33 463//33 509//33
f 511//33 461//33 462//33
f 511//33 462//33 510//33
f 511//33 438//33 461//33
f 512//33 438//33 511//33
f 528//33 521//33 522//33
f 529//33 521//33 528//33
f 529//33 520//33 521//33
f 527//33 528//33 522//33
f 527//33 522//33 523//33
f 530//33 520//33 529//33
f 526//33 527//33 523//33
f 526//33 523//33 524//33
f 531//33 520//33 530//33
f 531//33 518//33 519//33
f 531//33 519//33 520//33
f 525//33 524//33 499//33
f 525//33 499//33 425//33
f 525//33 526//33 524//33
f 532//33 518//33 531//33
f 533//33 518//33 532//33
f 533//33 517//33 518//33
f 534//33 517//33 533//33
f 534//33 516//33 517//33
f 535//33 516//33 534//33
f 535//33 515//33 516//33
f 536//33 514//33 515//33
f 536//33 515//33 535//33
f 537//33 513//33 514//33
f 537//33 514//33 536//33
f 538//33 438//33 512//33
f 538//33 512//33 513//33
f 538//33 513//33 537//33
f 555//33 546//33 547//33
f 555//33 547//33 548//33
f 555//33 548//33 554//33
f 553//33 548//33 549//33
f 553//33 554//33 548//33
f 556//33 546//33 555//33
f 552//33 549//33 550//33
f 552//33 553//33 549//33
f 557//33 546//33 556//33
f 557//33 545//33 546//33
f 558//33 544//33 545//33
f 558//33 545//33 557//33
f 559//33 543//33 544//33
f 559//33 544//33 558//33
f 560//33 543//33 559//33
f 560//33 542//33 543//33
f 561//33 542//33 560//33
f 561//33 541//33 542//33
f 562//33 539//33 540//33
f 562//33 540//33 541//33
f 562//33 541//33 561//33
f 563//33 539//33 562//33
f 581//33 573//33 574//33
f 581//33 574//33 580//33
f 579//33 574//33 575//33
f 579//33 580//33 574//33
f 582//33 573//33 581//33
f 582//33 572//33 573//33
f 578//33 579//33 575//33
f 578//33 575//33 576//33
f 583//33 571//33 572//33
f 583//33 572//33 582//33
f 584//33 570//33 571//33
f 584//33 571//33 583//33
f 424//33 552//33 550//33
f 424//33 550//33 525//33
f 424//33 551//33 552//33
f 424//33 525//33 425//33
f 446//33 576//33 551//33
f 446//33 551//33 424//33
f 446//33 578//33 576//33
f 585//33 568//33 569//33
f 585//33 569//33 570//33
f 585//33 570//33 584//33
f 586//33 568//33 585//33
f 445//33 578//33 446//33
f 445//33 577//33 578//33
f 445//33 602//33 577//33
f 587//33 567//33 568//33
f 587//33 568//33 586//33
f 588//33 566//33 567//33
f 588//33 567//33 587//33
f 444//33 602//33 445//33
f 444//33 599//33 600//33
f 444//33 600//33 601//33
f 444//33 601//33 602//33
f 598//33 599//33 444//33
f 589//33 566//33 588//33
f 589//33 565//33 566//33
f 443//33 598//33 444//33
f 443//33 595//33 596//33
f 443//33 596//33 597//33
f 443//33 597//33 598//33
f 442//33 591//33 592//33
f 442//33 592//33 593//33
f 442//33 593//33 594//33
f 442//33 594//33 595//33
f 442//33 595//33 443//33
f 441//33 591//33 442//33
f 441//33 589//33 590//33
f 441//33 590//33 591//33
f 440//33 565//33 589//33
f 440//33 564//33 565//33
f 440//33 589//33 441//33
f 439//33 539//33 563//33
f 439//33 538//33 539//33
f 439//33 564//33 440//33
f 439//33 563//33 564//33
f 439//33 438//33 538//33
s 1
f 632//34 604//35 603//35
f 632//34 603//35 605//36
f 633//37 605//36 606//38
f 633//37 632//34 605//36
f 630//39 606//38 607//40
f 630//39 633//37 606//38
f 631//41 633//37 630//39
f 629//42 607//40 608//43
f 629//42 630//39 607//40
f 628//44 608//43 609//45
f 628//44 629//42 608//43
f 627//46 609//45 610//47
f 627//46 628//44 609//45
f 626//48 610//47 611//49
f 626//48 627//46 610//47
f 625//50 611//49 612//51
f 625//50 626//48 611//49
f 624//52 612//51 613//53
f 624//52 625//50 612//51
f 623//54 613//53 614//55
f 623//54 624//52 613//53
f 622//56 614//55 615//57
f 622//56 623//54 614//55
f 620//58 615//57 616//59
f 620//58 619//60 622//56
f 620//58 622//56 615//57
f 621//61 616//59 617//62
f 621//61 620//58 616//59
f 618//62 621//61 617//62
s 0
f 635//63 634//63 636//63
f 635//63 636//63 637//63
s 1
f 639//64 638//65 652//65
f 639//64 652//65 653//64
f 640//66 653//64 654//66
f 640//66 639//64 653//64
f 641//67 654//66 655//67
f 641//67 640//66 654//66
f 642//68 655//67 656//68
f 642//68 641//67 655//67
f 643//69 656//68 657//69
f 643//69 642//68 656//68
f 644//70 657//69 658//70
f 644//70 643//69 657//69
f 645//71 658//70 659//71
f 645//71 644//70 658//70
f 646//72 659//71 660//72
f 646//72 645//71 659//71
f 647//73 660//72 661//73
f 647//73 646//72 660//72
f 648//74 661//73 662//74
f 648//74 647//73 661//73
f 649//75 662//74 663//75
f 649//75 648//74 662//74
f 650//76 663//75 664//76
f 650//76 649//75 663//75
f 651//77 664//76 665//77
f 651//77 650//76 664//76
s 0
f 667//78 666//78 668//78
f 667//78 668//78 669//78
f 936//79 702//79 703//79
f 937//79 703//79 704//79
f 937//79 936//79 703//79
f 935//79 701//79 702//79
f 935//79 702//79 936//79
f 938//79 704//79 705//79
f 938//79 937//79 704//79
f 934//79 701//79 935//79
f 939//79 938//79 705//79
f 933//79 700//79 701//79
f 933//79 701//79 934//79
f 940//79 939//79 705//79
f 940//79 705//79 706//79
f 932//79 700//79 933//79
f 932//79 699//79 700//79
f 941//79 940//79 706//79
f 941//79 706//79 707//79
f 931//79 699//79 932//79
f 942//79 941//79 707//79
f 942//79 707//79 708//79
f 930//79 699//79 931//79
f 943//79 942//79 708//79
f 709//79 943//79 708//79
f 709//79 944//79 943//79
f 710//79 944//79 709//79
f 710//79 945//79 944//79
f 710//79 920//79 945//79
f 910//79 699//79 930//79
f 911//79 910//79 930//79
f 911//79 930//79 929//79
f 909//79 699//79 910//79
f 912//79 929//79 928//79
f 912//79 911//79 929//79
f 908//79 699//79 909//79
f 913//79 928//79 927//79
f 913//79 912//79 928//79
f 907//79 699//79 908//79
f 914//79 913//79 927//79
f 914//79 927//79 926//79
f 906//79 699//79 907//79
f 915//79 914//79 926//79
f 915//79 926//79 925//79
f 711//79 920//79 710//79
f 711//79 921//79 920//79
f 916//79 915//79 925//79
f 916//79 925//79 924//79
f 917//79 924//79 923//79
f 917//79 916//79 924//79
f 670//79 918//79 917//79
f 670//79 922//79 921//79
f 670//79 923//79 922//79
f 670//79 921//79 711//79
f 670//79 917//79 923//79
f 919//79 918//79 670//79
f 894//79 919//79 670//79
f 895//79 894//79 670//79
f 963//79 904//79 903//79
f 963//79 962//79 904//79
f 961//79 905//79 904//79
f 961//79 904//79 962//79
f 964//79 963//79 903//79
f 964//79 903//79 902//79
f 960//79 905//79 961//79
f 960//79 906//79 905//79
f 960//79 699//79 906//79
f 965//79 964//79 902//79
f 965//79 902//79 901//79
f 959//79 699//79 960//79
f 966//79 901//79 900//79
f 966//79 965//79 901//79
f 967//79 966//79 900//79
f 967//79 900//79 899//79
f 968//79 967//79 899//79
f 968//79 898//79 897//79
f 968//79 899//79 898//79
f 969//79 968//79 897//79
f 970//79 897//79 896//79
f 970//79 969//79 897//79
f 971//79 895//79 670//79
f 971//79 896//79 895//79
f 971//79 970//79 896//79
f 946//79 971//79 670//79
f 989//79 988//79 956//79
f 989//79 956//79 955//79
f 987//79 956//79 988//79
f 987//79 957//79 956//79
f 990//79 989//79 955//79
f 990//79 955//79 954//79
f 986//79 957//79 987//79
f 986//79 958//79 957//79
f 991//79 990//79 954//79
f 991//79 954//79 953//79
f 985//79 699//79 959//79
f 985//79 958//79 986//79
f 985//79 959//79 958//79
f 992//79 991//79 953//79
f 992//79 953//79 952//79
f 993//79 952//79 951//79
f 993//79 992//79 952//79
f 994//79 993//79 951//79
f 994//79 951//79 950//79
f 995//79 994//79 950//79
f 995//79 950//79 949//79
f 996//79 995//79 949//79
f 996//79 949//79 948//79
f 997//79 996//79 948//79
f 997//79 948//79 947//79
f 972//79 946//79 670//79
f 972//79 947//79 946//79
f 972//79 997//79 947//79
f 1015//79 982//79 981//79
f 1015//79 1014//79 982//79
f 1013//79 983//79 982//79
f 1013//79 982//79 1014//79
f 1016//79 1015//79 981//79
f 1016//79 981//79 980//79
f 1012//79 984//79 983//79
f 1012//79 983//79 1013//79
f 1017//79 1016//79 980//79
f 1017//79 980//79 979//79
f 1018//79 978//79 977//79
f 1018//79 979//79 978//79
f 1018//79 1017//79 979//79
f 1019//79 1018//79 977//79
f 1020//79 977//79 976//79
f 1020//79 1019//79 977//79
f 1021//79 976//79 975//79
f 1021//79 1020//79 976//79
f 1022//79 975//79 974//79
f 1022//79 1021//79 975//79
f 1023//79 974//79 973//79
f 1023//79 1022//79 974//79
f 1041//79 1008//79 1007//79
f 1041//79 1040//79 1008//79
f 1039//79 1009//79 1008//79
f 1039//79 1008//79 1040//79
f 1042//79 1007//79 1006//79
f 1042//79 1041//79 1007//79
f 1038//79 1009//79 1039//79
f 1038//79 1010//79 1009//79
f 1043//79 1006//79 1005//79
f 1043//79 1042//79 1006//79
f 1044//79 1004//79 1003//79
f 1044//79 1005//79 1004//79
f 1044//79 1043//79 1005//79
f 698//79 985//79 984//79
f 698//79 699//79 985//79
f 698//79 1011//79 1010//79
f 698//79 1012//79 1011//79
f 698//79 1037//79 1036//79
f 698//79 1038//79 1037//79
f 698//79 1010//79 1038//79
f 698//79 984//79 1012//79
f 1045//79 1044//79 1003//79
f 1035//79 698//79 1036//79
f 1046//79 1002//79 1001//79
f 1046//79 1003//79 1002//79
f 1046//79 1045//79 1003//79
f 1047//79 1046//79 1001//79
f 1048//79 1001//79 1000//79
f 1048//79 1047//79 1001//79
f 1049//79 1000//79 999//79
f 1049//79 1048//79 1000//79
f 729//79 728//79 698//79
f 727//79 698//79 728//79
f 727//79 697//79 698//79
f 730//79 729//79 698//79
f 730//79 1034//79 1033//79
f 730//79 1035//79 1034//79
f 730//79 698//79 1035//79
f 726//79 696//79 697//79
f 726//79 697//79 727//79
f 731//79 730//79 1033//79
f 731//79 1032//79 1031//79
f 731//79 1033//79 1032//79
f 725//79 696//79 726//79
f 725//79 694//79 695//79
f 725//79 695//79 696//79
f 732//79 731//79 1031//79
f 732//79 1029//79 1028//79
f 732//79 1030//79 1029//79
f 732//79 1031//79 1030//79
f 724//79 694//79 725//79
f 693//79 694//79 724//79
f 733//79 732//79 1028//79
f 733//79 1027//79 1026//79
f 733//79 1028//79 1027//79
f 723//79 693//79 724//79
f 692//79 693//79 723//79
f 722//79 692//79 723//79
f 671//79 973//79 972//79
f 671//79 1023//79 973//79
f 671//79 1049//79 999//79
f 671//79 999//79 998//79
f 671//79 998//79 1023//79
f 671//79 1025//79 1024//79
f 671//79 1026//79 1025//79
f 671//79 734//79 733//79
f 671//79 735//79 734//79
f 671//79 1024//79 1049//79
f 671//79 972//79 670//79
f 671//79 733//79 1026//79
f 721//79 692//79 722//79
f 736//79 735//79 671//79
f 720//79 692//79 721//79
f 672//79 736//79 671//79
f 737//79 736//79 672//79
f 673//79 712//79 737//79
f 673//79 737//79 672//79
f 674//79 712//79 673//79
f 755//79 720//79 719//79
f 755//79 754//79 720//79
f 753//79 692//79 720//79
f 753//79 720//79 754//79
f 756//79 755//79 719//79
f 752//79 692//79 753//79
f 757//79 719//79 718//79
f 757//79 756//79 719//79
f 751//79 692//79 752//79
f 758//79 757//79 718//79
f 750//79 692//79 751//79
f 759//79 758//79 718//79
f 675//79 713//79 712//79
f 675//79 712//79 674//79
f 760//79 718//79 717//79
f 760//79 759//79 718//79
f 761//79 760//79 717//79
f 676//79 714//79 713//79
f 676//79 713//79 675//79
f 762//79 761//79 717//79
f 677//79 715//79 714//79
f 677//79 716//79 715//79
f 677//79 717//79 716//79
f 677//79 762//79 717//79
f 677//79 714//79 676//79
f 763//79 762//79 677//79
f 738//79 763//79 677//79
f 739//79 738//79 677//79
f 781//79 780//79 748//79
f 781//79 748//79 747//79
f 779//79 748//79 780//79
f 779//79 749//79 748//79
f 782//79 781//79 747//79
f 782//79 747//79 746//79
f 778//79 692//79 750//79
f 778//79 749//79 779//79
f 778//79 750//79 749//79
f 783//79 782//79 746//79
f 783//79 746//79 745//79
f 777//79 692//79 778//79
f 784//79 783//79 745//79
f 784//79 745//79 744//79
f 776//79 692//79 777//79
f 785//79 784//79 744//79
f 785//79 744//79 743//79
f 786//79 785//79 743//79
f 786//79 743//79 742//79
f 787//79 742//79 741//79
f 787//79 786//79 742//79
f 788//79 741//79 740//79
f 788//79 787//79 741//79
f 789//79 739//79 677//79
f 789//79 788//79 740//79
f 789//79 740//79 739//79
f 764//79 789//79 677//79
f 765//79 764//79 677//79
f 807//79 774//79 773//79
f 807//79 806//79 774//79
f 805//79 775//79 774//79
f 805//79 774//79 806//79
f 808//79 773//79 772//79
f 808//79 807//79 773//79
f 804//79 776//79 775//79
f 804//79 692//79 776//79
f 804//79 775//79 805//79
f 809//79 772//79 771//79
f 809//79 808//79 772//79
f 803//79 692//79 804//79
f 810//79 771//79 770//79
f 810//79 809//79 771//79
f 811//79 810//79 770//79
f 811//79 769//79 768//79
f 811//79 770//79 769//79
f 812//79 811//79 768//79
f 813//79 812//79 768//79
f 813//79 768//79 767//79
f 814//79 813//79 767//79
f 814//79 766//79 765//79
f 814//79 767//79 766//79
f 815//79 814//79 765//79
f 815//79 765//79 677//79
f 790//79 815//79 677//79
f 833//79 832//79 800//79
f 833//79 800//79 799//79
f 831//79 800//79 832//79
f 831//79 801//79 800//79
f 834//79 799//79 798//79
f 834//79 833//79 799//79
f 830//79 801//79 831//79
f 830//79 802//79 801//79
f 835//79 834//79 798//79
f 835//79 797//79 796//79
f 835//79 798//79 797//79
f 829//79 802//79 830//79
f 829//79 803//79 802//79
f 836//79 835//79 796//79
f 837//79 795//79 794//79
f 837//79 796//79 795//79
f 837//79 836//79 796//79
f 838//79 794//79 793//79
f 838//79 837//79 794//79
f 839//79 838//79 793//79
f 840//79 793//79 792//79
f 840//79 839//79 793//79
f 841//79 792//79 791//79
f 841//79 840//79 792//79
f 816//79 791//79 790//79
f 816//79 841//79 791//79
f 859//79 858//79 826//79
f 859//79 826//79 825//79
f 857//79 826//79 858//79
f 857//79 827//79 826//79
f 860//79 859//79 825//79
f 860//79 825//79 824//79
f 856//79 827//79 857//79
f 856//79 828//79 827//79
f 861//79 860//79 824//79
f 861//79 824//79 823//79
f 862//79 861//79 823//79
f 862//79 823//79 822//79
f 863//79 862//79 822//79
f 863//79 821//79 820//79
f 863//79 822//79 821//79
f 691//79 828//79 856//79
f 691//79 803//79 829//79
f 691//79 692//79 803//79
f 691//79 829//79 828//79
f 691//79 855//79 854//79
f 691//79 856//79 855//79
f 853//79 691//79 854//79
f 864//79 820//79 819//79
f 864//79 863//79 820//79
f 852//79 691//79 853//79
f 865//79 864//79 819//79
f 866//79 865//79 819//79
f 866//79 819//79 818//79
f 867//79 866//79 818//79
f 867//79 818//79 817//79
f 884//79 691//79 852//79
f 884//79 852//79 851//79
f 885//79 884//79 851//79
f 883//79 691//79 884//79
f 886//79 885//79 851//79
f 886//79 851//79 850//79
f 882//79 690//79 691//79
f 882//79 691//79 883//79
f 887//79 886//79 850//79
f 887//79 849//79 848//79
f 887//79 850//79 849//79
f 881//79 689//79 690//79
f 881//79 690//79 882//79
f 888//79 887//79 848//79
f 880//79 689//79 881//79
f 889//79 888//79 848//79
f 889//79 847//79 846//79
f 889//79 848//79 847//79
f 879//79 688//79 689//79
f 879//79 689//79 880//79
f 890//79 889//79 846//79
f 878//79 688//79 879//79
f 891//79 890//79 846//79
f 891//79 846//79 845//79
f 687//79 878//79 877//79
f 687//79 688//79 878//79
f 686//79 877//79 876//79
f 686//79 687//79 877//79
f 685//79 875//79 874//79
f 685//79 876//79 875//79
f 685//79 686//79 876//79
f 678//79 892//79 891//79
f 678//79 893//79 892//79
f 678//79 790//79 677//79
f 678//79 867//79 817//79
f 678//79 817//79 816//79
f 678//79 816//79 790//79
f 678//79 843//79 842//79
f 678//79 844//79 843//79
f 678//79 845//79 844//79
f 678//79 891//79 845//79
f 678//79 842//79 867//79
f 684//79 874//79 873//79
f 684//79 685//79 874//79
f 679//79 868//79 893//79
f 679//79 893//79 678//79
f 683//79 873//79 872//79
f 683//79 684//79 873//79
f 680//79 868//79 679//79
f 680//79 869//79 868//79
f 680//79 870//79 869//79
f 682//79 872//79 871//79
f 682//79 683//79 872//79
f 681//79 682//79 871//79
f 681//79 870//79 680//79
f 681//79 871//79 870//79
s 1
f 1051//80 1064//35 1050//35
f 1051//80 1065//80 1064//35
f 1052//81 1066//81 1065//80
f 1052//81 1065//80 1051//80
f 1053//40 1067//40 1066//81
f 1053//40 1066//81 1052//81
f 1054//43 1068//43 1067//40
f 1054//43 1067//40 1053//40
f 1055//45 1069//45 1068//43
f 1055//45 1068//43 1054//43
f 1056//47 1070//47 1069//45
f 1056//47 1069//45 1055//45
f 1057//49 1071//49 1070//47
f 1057//49 1070//47 1056//47
f 1058//51 1072//51 1071//49
f 1058//51 1071//49 1057//49
f 1059//53 1073//53 1072//51
f 1059//53 1072//51 1058//51
f 1060//55 1074//55 1073//53
f 1060//55 1075//57 1074//55
f 1060//55 1073//53 1059//53
f 1061//57 1075//57 1060//55
f 1062//82 1076//82 1075//57
f 1062//82 1075//57 1061//57
f 1063//62 1077//62 1076//82
f 1063//62 1076//82 1062//82
f 1079//80 1092//35 1078//35
f 1079//80 1093//80 1092//35
f 1080//81 1094//81 1093//80
f 1080//81 1093//80 1079//80
f 1081//40 1095//40 1094//81
f 1081//40 1094//81 1080//81
f 1082//43 1096//43 1095//40
f 1082//43 1095//40 1081//40
f 1083//45 1097//45 1096//43
f 1083//45 1096//43 1082//43
f 1084//47 1098//47 1097//45
f 1084//47 1097//45 1083//45
f 1085//49 1099//49 1098//47
f 1085//49 1098//47 1084//47
f 1086//51 1100//51 1099//49
f 1086//51 1099//49 1085//49
f 1087//53 1101//53 1100//51
f 1087//53 1100//51 1086//51
f 1088//55 1102//55 1101//53
f 1088//55 1103//57 1102//55
f 1088//55 1101//53 1087//53
f 1089//57 1103//57 1088//55
f 1090//82 1104//82 1103//57
f 1090//82 1103//57 1089//57
f 1091//62 1105//62 1104//82
f 1091//62 1104//82 1090//82
f 1107//80 1120//35 1106//35
f 1107//80 1121//80 1120//35
f 1108//81 1122//81 1121//80
f 1108//81 1121//80 1107//80
f 1109//40 1123//40 1122//81
f 1109//40 1122//81 1108//81
f 1110//43 1124//43 1123//40
f 1110//43 1123//40 1109//40
f 1111//45 1125//45 1124//43
f 1111//45 1124//43 1110//43
f 1112//47 1126//47 1125//45
f 1112//47 1125//45 1111//45
f 1113//49 1127//49 1126//47
f 1113//49 1126//47 1112//47
f 1114//51 1128//51 1127//49
f 1114//51 1127//49 1113//49
f 1115//53 1129//53 1128//51
f 1115//53 1128//51 1114//51
f 1116//55 1130//55 1129//53
f 1116//55 1131//57 1130//55
f 1116//55 1129//53 1115//53
f 1117//57 1131//57 1116//55
f 1118//82 1132//82 1131//57
f 1118//82 1131//57 1117//57
f 1119//62 1133//62 1132//82
f 1119//62 1132//82 1118//82
f 1135//80 1148//35 1134//35
f 1135//80 1149//80 1148//35
f 1136//81 1150//81 1149//80
f 1136//81 1149//80 1135//80
f 1137//40 1151//40 1150//81
f 1137//40 1150//81 1136//81
f 1138//43 1152//43 1151//40
f 1138//43 1151//40 1137//40
f 1139//45 1153//45 1152//43
f 1139//45 1152//43 1138//43
f 1140//47 1154//47 1153//45
f 1140//47 1153//45 1139//45
f 1141//49 1155//49 1154//47
f 1141//49 1154//47 1140//47
f 1142//51 1156//51 1155//49
f 1142//51 1155//49 1141//49
f 1143//53 1157//53 1156//51
f 1143//53 1156//51 1142//51
f 1144//55 1158//55 1157//53
f 1144//55 1159//57 1158//55
f 1144//55 1157//53 1143//53
f 1145//57 1159//57 1144//55
f 1146//82 1160//82 1159//57
f 1146//82 1159//57 1145//57
f 1147//62 1161//62 1160//82
f 1147//62 1160//82 1146//82
f 1163//80 1176//35 1162//35
f 1163//80 1177//80 1176//35
f 1164//81 1178//81 1177//80
f 1164//81 1177//80 1163//80
f 1165//40 1179//40 1178//81
f 1165//40 1178//81 1164//81
f 1166//43 1180//43 1179//40
f 1166//43 1179//40 1165//40
f 1167//45 1181//45 1180//43
f 1167//45 1180//43 1166//43
f 1168//47 1182//47 1181//45
f 1168//47 1181//45 1167//45
f 1169//49 1183//49 1182//47
f 1169//49 1182//47 1168//47
f 1170//51 1184//51 1183//49
f 1170//51 1183//49 1169//49
f 1171//53 1185//53 1184//51
f 1171//53 1184//51 1170//51
f 1172//55 1186//55 1185//53
f 1172//55 1187//57 1186//55
f 1172//55 1185//53 1171//53
f 1173//57 1187//57 1172//55
f 1174//82 1188//82 1187//57
f 1174//82 1187//57 1173//57
f 1175//62 1189//62 1188//82
f 1175//62 1188//82 1174//82
f 1191//80 1204//35 1190//35
f 1191//80 1205//80 1204//35
f 1192//81 1206//81 1205//80
f 1192//81 1205//80 1191//80
f 1193//40 1207//40 1206//81
f 1193//40 1206//81 1192//81
f 1194//43 1208//43 1207//40
f 1194//43 1207//40 1193//40
f 1195//45 1209//45 1208//43
f 1195//45 1208//43 1194//43
f 1196//47 1210//47 1209//45
f 1196//47 1209//45 1195//45
f 1197//49 1211//49 1210//47
f 1197//49 1210//47 1196//47
f 1198//51 1212//51 1211//49
f 1198//51 1211//49 1197//49
f 1199//53 1213//53 1212//51
f 1199//53 1212//51 1198//51
f 1200//55 1214//55 1213//53
f 1200//55 1215//57 1214//55
f 1200//55 1213//53 1199//53
f 1201//57 1215//57 1200//55
f 1202//82 1216//82 1215//57
f 1202//82 1215//57 1201//57
f 1203//62 1217//62 1216//82
f 1203//62 1216//82 1202//82
s 0
f 1219//83 1218//83 1220//83
f 1219//83 1220//83 1221//83
s 1
f 1223//84 1222//85 1236//85
f 1223//84 1236//85 1237//84
f 1224//86 1237//84 1238//86
f 1224//86 1223//84 1237//84
f 1225//87 1238//86 1239//87
f 1225//87 1224//86 1238//86
f 1226//88 1239//87 1240//88
f 1226//88 1225//87 1239//87
f 1227//89 1240//88 1241//89
f 1227//89 1226//88 1240//88
f 1228//90 1241//89 1242//90
f 1228//90 1227//89 1241//89
f 1229//91 1242//90 1243//91
f 1229//91 1228//90 1242//90
f 1230//92 1243//91 1244//92
f 1230//92 1229//91 1243//91
f 1231//93 1244//92 1245//93
f 1231//93 1230//92 1244//92
f 1232//94 1245//93 1246//94
f 1232//94 1231//93 1245//93
f 1233//95 1246//94 1247//95
f 1233//95 1232//94 1246//94
f 1234//96 1247//95 1248//96
f 1234//96 1233//95 1247//95
f 1235//97 1248//96 1249//97
f 1235//97 1234//96 1248//96
s 0
f 1251//98 1250//98 1252//98
f 1251//98 1252//98 1253//98
f 1423//33 1259//33 1258//33
f 1424//33 1260//33 1259//33
f 1424//33 1259//33 1423//33
f 1422//33 1258//33 1257//33
f 1422//33 1423//33 1258//33
f 1425//33 1261//33 1260//33
f 1425//33 1260//33 1424//33
f 1421//33 1422//33 1257//33
f 1426//33 1261//33 1425//33
f 1420//33 1257//33 1256//33
f 1420//33 1421//33 1257//33
f 1427//33 1262//33 1261//33
f 1427//33 1261//33 1426//33
f 1419//33 1256//33 1255//33
f 1419//33 1420//33 1256//33
f 1428//33 1263//33 1262//33
f 1428//33 1262//33 1427//33
f 1418//33 1419//33 1255//33
f 1429//33 1263//33 1428//33
f 1429//33 1264//33 1263//33
f 1417//33 1418//33 1255//33
f 1430//33 1264//33 1429//33
f 1265//33 1264//33 1430//33
f 1265//33 1430//33 1431//33
f 1266//33 1265//33 1431//33
f 1266//33 1431//33 1432//33
f 1266//33 1432//33 1407//33
f 1397//33 1417//33 1255//33
f 1398//33 1417//33 1397//33
f 1398//33 1416//33 1417//33
f 1396//33 1397//33 1255//33
f 1399//33 1414//33 1415//33
f 1399//33 1415//33 1416//33
f 1399//33 1416//33 1398//33
f 1395//33 1396//33 1255//33
f 1400//33 1413//33 1414//33
f 1400//33 1414//33 1399//33
f 1394//33 1395//33 1255//33
f 1401//33 1413//33 1400//33
f 1393//33 1394//33 1255//33
f 1402//33 1412//33 1413//33
f 1402//33 1413//33 1401//33
f 1267//33 1266//33 1407//33
f 1267//33 1407//33 1408//33
f 1403//33 1411//33 1412//33
f 1403//33 1412//33 1402//33
f 1404//33 1410//33 1411//33
f 1404//33 1411//33 1403//33
f 1268//33 1404//33 1405//33
f 1268//33 1408//33 1409//33
f 1268//33 1409//33 1410//33
f 1268//33 1267//33 1408//33
f 1268//33 1410//33 1404//33
f 1406//33 1268//33 1405//33
f 1381//33 1268//33 1406//33
f 1382//33 1268//33 1381//33
f 1372//33 1390//33 1391//33
f 1372//33 1391//33 1371//33
f 1370//33 1391//33 1392//33
f 1370//33 1392//33 1393//33
f 1370//33 1371//33 1391//33
f 1373//33 1390//33 1372//33
f 1373//33 1388//33 1389//33
f 1373//33 1389//33 1390//33
f 1369//33 1370//33 1393//33
f 1369//33 1393//33 1255//33
f 1374//33 1388//33 1373//33
f 1368//33 1369//33 1255//33
f 1375//33 1388//33 1374//33
f 1375//33 1386//33 1387//33
f 1375//33 1387//33 1388//33
f 1376//33 1386//33 1375//33
f 1377//33 1386//33 1376//33
f 1377//33 1385//33 1386//33
f 1378//33 1383//33 1384//33
f 1378//33 1384//33 1385//33
f 1378//33 1385//33 1377//33
f 1379//33 1383//33 1378//33
f 1380//33 1382//33 1383//33
f 1380//33 1383//33 1379//33
f 1380//33 1268//33 1382//33
f 1355//33 1268//33 1380//33
f 1345//33 1365//33 1366//33
f 1346//33 1363//33 1364//33
f 1346//33 1364//33 1365//33
f 1346//33 1365//33 1345//33
f 1344//33 1366//33 1367//33
f 1344//33 1345//33 1366//33
f 1347//33 1363//33 1346//33
f 1343//33 1344//33 1367//33
f 1348//33 1362//33 1363//33
f 1348//33 1363//33 1347//33
f 1342//33 1367//33 1368//33
f 1342//33 1368//33 1255//33
f 1342//33 1343//33 1367//33
f 1349//33 1360//33 1361//33
f 1349//33 1361//33 1362//33
f 1349//33 1362//33 1348//33
f 1350//33 1360//33 1349//33
f 1351//33 1359//33 1360//33
f 1351//33 1360//33 1350//33
f 1352//33 1357//33 1358//33
f 1352//33 1358//33 1359//33
f 1352//33 1359//33 1351//33
f 1353//33 1357//33 1352//33
f 1354//33 1356//33 1357//33
f 1354//33 1357//33 1353//33
f 1329//33 1355//33 1356//33
f 1329//33 1268//33 1355//33
f 1329//33 1356//33 1354//33
f 1320//33 1339//33 1319//33
f 1320//33 1338//33 1339//33
f 1318//33 1319//33 1339//33
f 1318//33 1339//33 1340//33
f 1318//33 1340//33 1341//33
f 1321//33 1338//33 1320//33
f 1321//33 1337//33 1338//33
f 1317//33 1318//33 1341//33
f 1322//33 1337//33 1321//33
f 1322//33 1336//33 1337//33
f 1323//33 1336//33 1322//33
f 1323//33 1334//33 1335//33
f 1323//33 1335//33 1336//33
f 1324//33 1334//33 1323//33
f 1325//33 1334//33 1324//33
f 1325//33 1333//33 1334//33
f 1326//33 1333//33 1325//33
f 1326//33 1332//33 1333//33
f 1327//33 1332//33 1326//33
f 1327//33 1330//33 1331//33
f 1327//33 1331//33 1332//33
f 1328//33 1330//33 1327//33
f 1293//33 1312//33 1313//33
f 1294//33 1312//33 1293//33
f 1292//33 1313//33 1314//33
f 1292//33 1314//33 1315//33
f 1292//33 1293//33 1313//33
f 1295//33 1312//33 1294//33
f 1295//33 1311//33 1312//33
f 1291//33 1292//33 1315//33
f 1296//33 1310//33 1311//33
f 1296//33 1311//33 1295//33
f 1297//33 1308//33 1309//33
f 1297//33 1309//33 1310//33
f 1297//33 1310//33 1296//33
f 1254//33 1317//33 1341//33
f 1254//33 1316//33 1317//33
f 1254//33 1342//33 1255//33
f 1254//33 1341//33 1342//33
f 1276//33 1291//33 1315//33
f 1276//33 1315//33 1316//33
f 1276//33 1316//33 1254//33
f 1298//33 1308//33 1297//33
f 1299//33 1307//33 1308//33
f 1299//33 1308//33 1298//33
f 1275//33 1291//33 1276//33
f 1275//33 1289//33 1290//33
f 1275//33 1290//33 1291//33
f 1300//33 1306//33 1307//33
f 1300//33 1307//33 1299//33
f 1301//33 1305//33 1306//33
f 1301//33 1306//33 1300//33
f 1274//33 1286//33 1287//33
f 1274//33 1287//33 1288//33
f 1274//33 1288//33 1289//33
f 1274//33 1289//33 1275//33
f 1285//33 1286//33 1274//33
f 1302//33 1305//33 1301//33
f 1302//33 1304//33 1305//33
f 1273//33 1285//33 1274//33
f 1273//33 1282//33 1283//33
f 1273//33 1283//33 1284//33
f 1273//33 1284//33 1285//33
f 1272//33 1278//33 1279//33
f 1272//33 1279//33 1280//33
f 1272//33 1280//33 1281//33
f 1272//33 1281//33 1282//33
f 1272//33 1282//33 1273//33
f 1271//33 1278//33 1272//33
f 1271//33 1277//33 1278//33
f 1271//33 1302//33 1277//33
f 1270//33 1302//33 1271//33
f 1270//33 1303//33 1304//33
f 1270//33 1304//33 1302//33
f 1269//33 1330//33 1328//33
f 1269//33 1328//33 1303//33
f 1269//33 1329//33 1330//33
f 1269//33 1268//33 1329//33
f 1269//33 1303//33 1270//33
s 1
f 1434//80 1447//35 1433//35
f 1434//80 1448//80 1447//35
f 1435//81 1449//81 1448//80
f 1435//81 1448//80 1434//80
f 1436//40 1450//40 1449//81
f 1436//40 1449//81 1435//81
f 1437//43 1451//43 1450//40
f 1437//43 1450//40 1436//40
f 1438//45 1452//45 1451//43
f 1438//45 1451//43 1437//43
f 1439//47 1453//47 1452//45
f 1439//47 1452//45 1438//45
f 1440//49 1454//49 1453//47
f 1440//49 1453//47 1439//47
f 1441//51 1455//51 1454//49
f 1441//51 1454//49 1440//49
f 1442//53 1456//53 1455//51
f 1442//53 1455//51 1441//51
f 1443//55 1457//55 1456//53
f 1443//55 1458//57 1457//55
f 1443//55 1456//53 1442//53
f 1444//57 1458//57 1443//55
f 1445//82 1459//82 1458//57
f 1445//82 1458//57 1444//57
f 1446//62 1460//62 1459//82
f 1446//62 1459//82 1445//82
f 1462//80 1475//35 1461//35
f 1462//80 1476//80 1475//35
f 1463//81 1477//81 1476//80
f 1463//81 1476//80 1462//80
f 1464//40 1478//40 1477//81
f 1464//40 1477//81 1463//81
f 1465//43 1479//43 1478//40
f 1465//43 1478//40 1464//40
f 1466//45 1480//45 1479//43
f 1466//45 1479//43 1465//43
f 1467//47 1481//47 1480//45
f 1467//47 1480//45 1466//45
f 1468//49 1482//49 1481//47
f 1468//49 1481//47 1467//47
f 1469//51 1483//51 1482//49
f 1469//51 1482//49 1468//49
f 1470//53 1484//53 1483//51
f 1470//53 1483//51 1469//51
f 1471//55 1485//55 1484//53
f 1471//55 1486//57 1485//55
f 1471//55 1484//53 1470//53
f 1472//57 1486//57 1471//55
f 1473//82 1487//82 1486//57
f 1473//82 1486//57 1472//57
f 1474//62 1488//62 1487//82
f 1474//62 1487//82 1473//82
f 1490//80 1503//35 1489//35
f 1490//80 1504//80 1503//35
f 1491//81 1505//81 1504//80
f 1491//81 1504//80 1490//80
f 1492//40 1506//40 1505//81
f 1492//40 1505//81 1491//81
f 1493//43 1507//43 1506//40
f 1493//43 1506//40 1492//40
f 1494//45 1508//45 1507//43
f 1494//45 1507//43 1493//43
f 1495//47 1509//47 1508//45
f 1495//47 1508//45 1494//45
f 1496//49 1510//49 1509//47
f 1496//49 1509//47 1495//47
f 1497//51 1511//51 1510//49
f 1497//51 1510//49 1496//49
f 1498//53 1512//53 1511//51
f 1498//53 1511//51 1497//51
f 1499//55 1513//55 1512//53
f 1499//55 1514//57 1513//55
f 1499//55 1512//53 1498//53
f 1500//57 1514//57 1499//55
f 1501//82 1515//82 1514//57
f 1501//82 1514//57 1500//57
f 1502//62 1516//62 1515//82
f 1502//62 1515//82 1501//82
f 1518//80 1531//35 1517//35
f 1518//80 1532//80 1531//35
f 1519//81 1533//81 1532//80
f 1519//81 1532//80 1518//80
f 1520//40 1534//40 1533//81
f 1520//40 1533//81 1519//81
f 1521//43 1535//43 1534//40
f 1521//43 1534//40 1520//40
f 1522//45 1536//45 1535//43
f 1522//45 1535//43 1521//43
f 1523//47 1537//47 1536//45
f 1523//47 1536//45 1522//45
f 1524//49 1538//49 1537//47
f 1524//49 1537//47 1523//47
f 1525//51 1539//51 1538//49
f 1525//51 1538//49 1524//49
f 1526//53 1540//53 1539//51
f 1526//53 1539//51 1525//51
f 1527//55 1541//55 1540//53
f 1527//55 1542//57 1541//55
f 1527//55 1540//53 1526//53
f 1528//57 1542//57 1527//55
f 1529//82 1543//82 1542//57
f 1529//82 1542//57 1528//57
f 1530//62 1544//62 1543//82
f 1530//62 1543//82 1529//82
f 1546//80 1559//35 1545//35
f 1546//80 1560//80 1559//35
f 1547//81 1561//81 1560//80
f 1547//81 1560//80 1546//80
f 1548//40 1562//40 1561//81
f 1548//40 1561//81 1547//81
f 1549//43 1563//43 1562//40
f 1549//43 1562//40 1548//40
f 1550//45 1564//45 1563//43
f 1550//45 1563//43 1549//43
f 1551//47 1565//47 1564//45
f 1551//47 1564//45 1550//45
f 1552//49 1566//49 1565//47
f 1552//49 1565//47 1551//47
f 1553//51 1567//51 1566//49
f 1553//51 1566//49 1552//49
f 1554//53 1568//53 1567//51
f 1554//53 1567//51 1553//51
f 1555//55 1569//55 1568//53
f 1555//55 1570//57 1569//55
f 1555//55 1568//53 1554//53
f 1556//57 1570//57 1555//55
f 1557//82 1571//82 1570//57
f 1557//82 1570//57 1556//57
f 1558//62 1572//62 1571//82
f 1558//62 1571//82 1557//82
f 1574//80 1587//35 1573//35
f 1574//80 1588//80 1587//35
f 1575//81 1589//81 1588//80
f 1575//81 1588//80 1574//80
f 1576//40 1590//40 1589//81
f 1576//40 1589//81 1575//81
f 1577//43 1591//43 1590//40
f 1577//43 1590//40 1576//40
f 1578//45 1592//45 1591//43
f 1578//45 1591//43 1577//43
f 1579//47 1593//47 1592//45
f 1579//47 1592//45 1578//45
f 1580//49 1594//49 1593//47
f 1580//49 1593//47 1579//47
f 1581//51 1595//51 1594//49
f 1581//51 1594//49 1580//49
f 1582//53 1596//53 1595//51
f 1582//53 1595//51 1581//51
f 1583//55 1597//55 1596//53
f 1583//55 1598//57 1597//55
f 1583//55 1596//53 1582//53
f 1584//57 1598//57 1583//55
f 1585//82 1599//82 1598//57
f 1585//82 1598//57 1584//57
f 1586//62 1600//62 1599//82
f 1586//62 1599//82 1585//82
s 0
f 1651//79 1619//79 1620//79
f 1652//79 1618//79 1619//79
f 1652//79 1619//79 1651//79
f 1650//79 1620//79 1621//79
f 1650//79 1651//79 1620//79
f 1653//79 1617//79 1618//79
f 1653//79 1618//79 1652//79
f 1649//79 1621//79 1622//79
f 1649//79 1650//79 1621//79
f 1654//79 1616//79 1617//79
f 1654//79 1617//79 1653//79
f 1648//79 1649//79 1622//79
f 1655//79 1615//79 1616//79
f 1655//79 1616//79 1654//79
f 1647//79 1622//79 1623//79
f 1647//79 1623//79 1624//79
f 1647//79 1648//79 1622//79
f 1656//79 1614//79 1615//79
f 1656//79 1615//79 1655//79
f 1646//79 1647//79 1624//79
f 1657//79 1613//79 1614//79
f 1657//79 1614//79 1656//79
f 1645//79 1646//79 1624//79
f 1645//79 1624//79 1625//79
f 1658//79 1613//79 1657//79
f 1612//79 1613//79 1658//79
f 1659//79 1612//79 1658//79
f 1626//79 1645//79 1625//79
f 1626//79 1644//79 1645//79
f 1611//79 1612//79 1659//79
f 1611//79 1659//79 1660//79
f 1627//79 1644//79 1626//79
f 1627//79 1642//79 1643//79
f 1627//79 1643//79 1644//79
f 1610//79 1611//79 1660//79
f 1610//79 1660//79 1635//79
f 1628//79 1641//79 1642//79
f 1628//79 1642//79 1627//79
f 1609//79 1610//79 1635//79
f 1629//79 1641//79 1628//79
f 1634//79 1635//79 1636//79
f 1634//79 1609//79 1635//79
f 1634//79 1636//79 1637//79
f 1630//79 1641//79 1629//79
f 1630//79 1640//79 1641//79
f 1633//79 1634//79 1637//79
f 1631//79 1640//79 1630//79
f 1631//79 1639//79 1640//79
f 1632//79 1637//79 1638//79
f 1632//79 1638//79 1639//79
f 1632//79 1633//79 1637//79
f 1632//79 1639//79 1631//79
s 1
f 1662//80 1675//35 1661//35
f 1662//80 1676//80 1675//35
f 1663//81 1677//81 1676//80
f 1663//81 1676//80 1662//80
f 1664//40 1678//40 1677//81
f 1664//40 1677//81 1663//81
f 1665//43 1679//43 1678//40
f 1665//43 1678//40 1664//40
f 1666//45 1680//45 1679//43
f 1666//45 1679//43 1665//43
f 1667//47 1681//47 1680//45
f 1667//47 1680//45 1666//45
f 1668//49 1682//49 1681//47
f 1668//49 1681//47 1667//47
f 1669//51 1683//51 1682//49
f 1669//51 1684//53 1683//51
f 1669//51 1682//49 1668//49
f 1670//53 1684//53 1669//51
f 1671//55 1685//55 1684//53
f 1671//55 1684//53 1670//53
f 1672//57 1686//57 1685//55
f 1672//57 1685//55 1671//55
f 1673//82 1687//82 1686//57
f 1673//82 1686//57 1672//57
f 1674//62 1688//62 1687//82
f 1674//62 1687//82 1673//82
f 1701//80 1703//35 1702//35
f 1701//80 1704//80 1703//35
f 1701//80 1705//81 1704//80
f 1700//81 1706//40 1705//81
f 1700//81 1705//81 1701//80
f 1699//40 1706//40 1700//81
f 1698//43 1707//43 1706//40
f 1698//43 1706//40 1699//40
f 1697//45 1708//45 1707//43
f 1697//45 1709//47 1708//45
f 1697//45 1707//43 1698//43
f 1696//47 1709//47 1697//45
f 1695//49 1710//49 1709//47
f 1695//49 1709//47 1696//47
f 1694//51 1711//51 1710//49
f 1694//51 1712//53 1711//51
f 1694//51 1710//49 1695//49
f 1693//53 1712//53 1694//51
f 1692//55 1713//55 1712//53
f 1692//55 1712//53 1693//53
f 1691//57 1714//57 1713//55
f 1691//57 1713//55 1692//55
f 1690//82 1715//82 1714//57
f 1690//82 1716//62 1715//82
f 1690//82 1714//57 1691//57
f 1689//62 1716//62 1690//82
s 0
f 1733//99 1734//100 1//101 2//102
f 1734//103 1735//104 28//105 1//106
f 1735//107 1736//108 27//107 28//107
f 1736//109 1737//110 26//109 27//109
f 1737//111 1738//112 25//111 26//111
f 1738//113 1739//114 24//113 25//113
f 1739//115 1740//116 23//115 24//115
f 1740//117 1741//118 22//117 23//117
f 1741//119 1742//120 21//119 22//119
f 1742//121 1743//122 20//121 21//121
f 1743//123 1744//124 19//123 20//123
f 1744//125 1745//126 18//125 19//125
f 1745//127 1746//128 17//127 18//127
f 1746//129 1747//130 16//131 17//129
f 1747//132 1748//133 15//102 16//101
f 1764//134 1749//135 393//136 421//137
f 1749//138 1750//139 394//140 393//141
f 1750//142 1751//143 395//144 394//145
f 1751//146 1752//147 396//148 395//149
f 1752//150 1753//151 397//152 396//153
f 1753//154 1754//155 398//156 397//157
f 1754//158 1755//159 399//160 398//161
f 1755//162 1756//163 400//164 399//165
f 1756//166 1757//167 401//168 400//169
f 1757//170 1758//171 402//172 401//173
f 1758//174 1759//175 403//176 402//177
f 1759//178 1760//179 404//180 403//181
f 1760//182 1761//183 405//184 404//185
f 1761//186 1762//187 406//188 405//189
f 1762//190 1763//191 407//192 406//193
f 1716//135 1689//191 1732//194 1731//195
f 1715//196 1716//197 1731//198 1730//199
f 1714//200 1715//200 1730//200 1729//201
f 1713//202 1714//202 1729//202 1728//203
f 1712//204 1713//204 1728//204 1727//205
f 1711//206 1712//206 1727//206 1726//207
f 1710//208 1711//208 1726//208 1725//209
f 1709//210 1710//210 1725//210 1724//211
f 1708//212 1709//212 1724//212 1723//213
f 1707//214 1708//214 1723//214 1722//215
f 1706//216 1707//216 1722//216 1721//217
f 1705//218 1706//218 1721//218 1720//219
f 1704//220 1705//220 1720//220 1719//221
f 1703//222 1704//223 1719//223 1718//224
f 1702//191 1703//135 1718//225 1717//226
f 1779//101 1780//227 1748//228 1747//229
f 1778//230 1779//231 1747//232 1746//230
f 1777//233 1778//234 1746//235 1745//233
f 1776//236 1777//237 1745//238 1744//236
f 1775//239 1776//240 1744//241 1743//239
f 1774//242 1775//243 1743//244 1742//242
f 1773//245 1774//246 1742//247 1741//245
f 1772//248 1773//249 1741//250 1740//248
f 1771//251 1772//252 1740//253 1739//251
f 1770//254 1771//255 1739//256 1738//254
f 1769//257 1770//258 1738//259 1737//257
f 1768//260 1769//261 1737//262 1736//260
f 1767//263 1768//264 1736//265 1735//263
f 1766//266 1767//267 1735//268 1734//269
f 1730//270 1731//271 1762//272 1761//273
f 1729//274 1730//275 1761//275 1760//276
f 1728//277 1729//278 1760//278 1759//279
f 1727//280 1728//281 1759//281 1758//282
f 1726//283 1727//284 1758//284 1757//285
f 1725//286 1726//287 1757//287 1756//288
f 1724//289 1725//290 1756//290 1755//291
f 1723//292 1724//293 1755//293 1754//294
f 1722//295 1723//296 1754//296 1753//297
f 1721//298 1722//299 1753//299 1752//300
f 1720//301 1721//302 1752//302 1751//303
f 1719//304 1720//305 1751//305 1750//306
f 1718//307 1719//308 1750//308 1749//309
f 1717//310 1718//311 1749//135 1764//137
f 618//312 617//313 1766//314 1765//102
f 617//315 616//316 1767//317 1766//318
f 616//319 615//320 1768//321 1767//322
f 615//323 614//324 1769//325 1768//326
f 614//327 613//328 1770//329 1769//330
f 613//331 612//332 1771//333 1770//334
f 612//335 611//336 1772//337 1771//338
f 611//339 610//340 1773//341 1772//342
f 610//343 609//344 1774//345 1773//346
f 609//347 608//348 1775//349 1774//350
f 608//351 607//352 1776//353 1775//354
f 607//355 606//356 1777//357 1776//358
f 606//359 605//360 1778//361 1777//362
f 605//363 603//364 1779//365 1778//366
f 603//367 604//227 1780//368 1779//101
